-- phpMyAdmin SQL Dump
-- version 4.5.1
-- http://www.phpmyadmin.net
--
-- Host: 127.0.0.1
-- Generation Time: 13 Jun 2019 pada 18.57
-- Versi Server: 10.1.16-MariaDB
-- PHP Version: 5.6.24

SET SQL_MODE = "NO_AUTO_VALUE_ON_ZERO";
SET time_zone = "+00:00";


/*!40101 SET @OLD_CHARACTER_SET_CLIENT=@@CHARACTER_SET_CLIENT */;
/*!40101 SET @OLD_CHARACTER_SET_RESULTS=@@CHARACTER_SET_RESULTS */;
/*!40101 SET @OLD_COLLATION_CONNECTION=@@COLLATION_CONNECTION */;
/*!40101 SET NAMES utf8mb4 */;

--
-- Database: `gayabelajar`
--

-- --------------------------------------------------------

--
-- Struktur dari tabel `dataset`
--

CREATE TABLE `dataset` (
  `id_dataset` int(11) NOT NULL,
  `nama` varchar(255) NOT NULL,
  `id_gayabelajar` int(11) NOT NULL
) ENGINE=InnoDB DEFAULT CHARSET=latin1;

--
-- Dumping data untuk tabel `dataset`
--

INSERT INTO `dataset` (`id_dataset`, `nama`, `id_gayabelajar`) VALUES
(1, 'AHMAD AWWALU RAMADHANI', 3),
(2, 'ALMIRA NAJWA ZAHIRAH', 2),
(3, 'BERLIANA ILMI AZZAHRA', 1),
(4, 'AMANDA BUDI ELLYA', 1),
(5, 'FHELLYZA F.K.P', 2),
(6, 'ALYA CHINTIA ANGELIE', 3),
(7, 'ANDREV BUDI ANDHIKA', 1),
(8, 'ATALLAH STIGFARICHSAN', 1),
(9, 'ATHALLA DAIVA PARAMA DELI P', 2),
(10, 'AZZAM FARRAAS DHANANJAYA', 1),
(11, 'CHELSEA OLIVIA SHAHIRA', 1),
(12, 'DHAIFULLAH DWI RAIHAN P', 2),
(13, 'DINDA VARISSA PUTRI ', 3),
(14, 'EGA PUTRA DWI RAMADHANI', 2),
(15, 'IKHLAS MUHAMMAD TAUFANI', 2),
(16, 'ILMAN RIZKI DWI TANAYA', 2),
(17, 'IZZI ARZAH ARIFIANSYAH', 2),
(18, 'KAMILIA ARINA RAHMAWATI ZAHRO', 3),
(19, 'KEYSA AURELIA PRAMESWARI', 1),
(20, 'KINANTI KHARISMANING WULAN R', 2),
(21, 'LAURA FRISKA PUTRI KUSUMA', 1),
(22, 'MAHESWARI', 2),
(23, 'MAULANA ISHAQ BIN ANGSORI', 1),
(24, 'MOCH. IRSYAD AGHA. A', 1),
(25, 'MOCHAMMAD HAIDAR FATHIR', 2),
(26, 'MUCHAMAD FIRDAUS JAILANI', 1),
(27, 'MUHAMAD TIGER BIMASAKTI', 2),
(28, 'MUHAMMAD IKRAM ARRASYID', 2),
(29, 'MUHAMMAD ILHAM ROSYID', 2),
(30, 'REZZA ADITYA PRATAMA', 1),
(31, 'SALWA AUDITA PURNADYA', 2),
(32, 'YVES APPLE GLADYS PUGUH WIDODO', 1),
(33, 'ZHEFFANYA CHEERYLIANDHIRA. KP', 1),
(34, 'LAILA RACHMAWATI', 2),
(35, 'ONKY CATUR', 1),
(36, 'HANDY KUSUMA', 2),
(37, 'AULIA FITRI RAHMADINI', 1),
(38, 'FIRMAN ADIL', 3),
(39, 'SANDY ARDI SATRIYA', 3),
(40, 'BRILIANT ACHMAD RAMADHAN', 2),
(41, 'BRIAN ADINTA LOVY', 1),
(42, 'AYUB DHIKA LUKAMANIA', 2),
(43, 'REZQIA N.L.F', 3),
(44, 'RANIA AMANTHA', 1),
(45, 'AZIZA AZ-ZAHRA', 2),
(46, 'ANIS DIAH FITRIA', 3),
(47, 'MUHAMMAD GILANG RAMADHAN', 3),
(48, 'M. ALI TSUBASA', 3),
(49, 'AULIA DEWI PRAMESTI', 2),
(50, 'M RAZIQ ', 1),
(51, 'M FADIL ALAMSYAH ', 1),
(52, 'MOCH INAM F ', 1),
(53, 'ATMAJA GALIH PAMUNGKAS', 1),
(54, 'LUNA DANISH AZZUHRA', 2),
(55, 'NAFISAH ZAHRA MUFIDA', 2),
(56, 'QONITA AMANDA TSANI', 1),
(57, 'SATRIA FAJAR NOVANTIO', 2),
(58, 'DEWI MAULIDIYAH', 1),
(59, 'FATMA INDRAWATI', 1),
(60, 'FIKRI AULKARNAIN', 3),
(61, 'NAILA ANANDA PUTRI', 2),
(62, 'AHMAD FERRY SETIAWAN', 2),
(63, 'NESSA THALITA SALSALSABILA', 2),
(64, 'VISTA ZAHROTUL', 1),
(65, 'CLEREN AZAHRA SALSABILA', 2),
(66, 'RISMA NUR', 1),
(67, 'NAJWA RIFKA ', 2),
(68, 'GALANG EKA CAHYA', 2),
(69, 'FAUZAN GALANG', 2),
(70, 'WAHYU AJI', 2),
(71, 'TENGKU RISKI', 1),
(72, 'ACHMAD SAKDILAH', 2),
(73, 'ADINDA AZAHRA', 1),
(74, 'CALISTA CINDY', 2),
(75, 'NILAM SEPTIASA', 1),
(76, 'NAFILA PUTRI', 2),
(77, 'BINTANG PASHA', 3),
(78, 'SACHIO KAKA', 2),
(79, 'KRISNANDA AJI', 2),
(80, 'KARENINA PARAMITA', 1),
(81, 'YUSRON FATIR', 2),
(82, 'ADI DWI NAOKI', 1),
(83, 'ADELA CITRA', 2),
(84, 'AMANDA DIHYA', 2),
(85, 'ALIVIO', 1),
(86, 'RANYA AVRIL', 1),
(87, 'RAVIKA', 2),
(88, 'RIKO MAULANA', 2),
(89, 'TYAS PERMATASARI', 2),
(90, 'BAYU ADNAN', 1),
(91, 'APRILA DWINA', 3),
(92, 'NATSYA', 3),
(93, 'NADILULUM', 2),
(94, 'RAFSANJANI RAYHAN', 1);

-- --------------------------------------------------------

--
-- Struktur dari tabel `detail_dataset`
--

CREATE TABLE `detail_dataset` (
  `id_detail_dataset` int(11) NOT NULL,
  `id_dataset` int(11) NOT NULL,
  `id_pernyataan` int(11) NOT NULL,
  `nilai` int(11) NOT NULL
) ENGINE=InnoDB DEFAULT CHARSET=latin1;

--
-- Dumping data untuk tabel `detail_dataset`
--

INSERT INTO `detail_dataset` (`id_detail_dataset`, `id_dataset`, `id_pernyataan`, `nilai`) VALUES
(1, 1, 1, 3),
(2, 1, 2, 3),
(5, 1, 3, 2),
(6, 1, 4, 4),
(7, 1, 5, 3),
(8, 1, 6, 3),
(9, 1, 7, 4),
(10, 1, 8, 2),
(11, 1, 9, 4),
(12, 1, 10, 4),
(13, 2, 1, 3),
(14, 2, 2, 3),
(15, 2, 3, 3),
(16, 2, 4, 4),
(17, 2, 5, 4),
(18, 2, 6, 4),
(19, 2, 7, 4),
(20, 2, 8, 3),
(21, 2, 9, 3),
(22, 2, 10, 2),
(23, 1, 11, 3),
(24, 1, 12, 4),
(25, 1, 13, 4),
(26, 1, 14, 2),
(27, 1, 15, 3),
(28, 1, 16, 3),
(29, 1, 17, 2),
(30, 1, 18, 3),
(31, 1, 19, 3),
(32, 1, 20, 3),
(33, 1, 21, 4),
(34, 1, 22, 3),
(35, 1, 23, 2),
(36, 1, 24, 2),
(37, 1, 25, 2),
(38, 1, 26, 3),
(39, 1, 27, 3),
(40, 2, 11, 3),
(41, 2, 12, 4),
(42, 2, 13, 4),
(43, 2, 14, 3),
(44, 2, 15, 4),
(45, 2, 16, 3),
(46, 2, 17, 4),
(47, 2, 18, 3),
(48, 2, 19, 4),
(49, 2, 20, 3),
(50, 2, 21, 2),
(51, 2, 22, 3),
(52, 2, 23, 4),
(53, 2, 24, 2),
(54, 2, 25, 2),
(55, 2, 26, 2),
(56, 2, 27, 2),
(57, 6, 1, 2),
(58, 6, 2, 4),
(59, 6, 3, 4),
(60, 6, 4, 4),
(61, 6, 5, 4),
(62, 6, 6, 4),
(63, 6, 7, 4),
(64, 6, 8, 4),
(65, 6, 9, 4),
(66, 6, 10, 2),
(67, 6, 11, 2),
(68, 6, 12, 2),
(69, 6, 13, 2),
(70, 6, 14, 2),
(71, 6, 15, 4),
(72, 6, 16, 4),
(73, 6, 17, 4),
(74, 6, 18, 2),
(75, 6, 19, 2),
(76, 6, 20, 4),
(77, 6, 21, 2),
(78, 6, 22, 2),
(79, 6, 23, 4),
(80, 6, 24, 4),
(81, 6, 25, 2),
(82, 6, 26, 2),
(83, 6, 27, 2),
(84, 7, 1, 4),
(85, 7, 2, 4),
(86, 7, 3, 4),
(87, 7, 4, 4),
(88, 7, 5, 3),
(89, 7, 6, 2),
(90, 7, 7, 4),
(91, 7, 8, 4),
(92, 7, 9, 4),
(93, 7, 10, 3),
(94, 7, 11, 4),
(95, 7, 12, 4),
(96, 7, 13, 4),
(97, 7, 14, 4),
(98, 7, 15, 4),
(99, 7, 16, 3),
(100, 7, 17, 4),
(101, 7, 18, 4),
(102, 7, 19, 4),
(103, 7, 20, 4),
(104, 7, 21, 3),
(105, 7, 22, 4),
(106, 7, 23, 4),
(107, 7, 24, 4),
(108, 7, 25, 3),
(109, 7, 26, 4),
(110, 7, 27, 4),
(111, 8, 1, 3),
(112, 8, 2, 2),
(113, 8, 3, 4),
(114, 8, 4, 4),
(115, 8, 5, 3),
(116, 8, 6, 2),
(117, 8, 7, 4),
(118, 8, 8, 3),
(119, 8, 9, 4),
(120, 8, 10, 2),
(121, 8, 11, 4),
(122, 8, 12, 3),
(123, 8, 13, 4),
(124, 8, 14, 2),
(125, 8, 15, 4),
(126, 8, 16, 3),
(127, 8, 17, 2),
(128, 8, 18, 2),
(129, 8, 19, 4),
(130, 8, 20, 3),
(131, 8, 21, 4),
(132, 8, 22, 3),
(133, 8, 23, 4),
(134, 8, 24, 3),
(135, 8, 25, 4),
(136, 8, 26, 4),
(137, 8, 27, 3),
(138, 9, 1, 4),
(139, 9, 2, 4),
(140, 9, 3, 2),
(141, 9, 4, 3),
(142, 9, 5, 3),
(143, 9, 6, 4),
(144, 9, 7, 3),
(145, 9, 8, 3),
(146, 9, 9, 4),
(147, 9, 10, 2),
(148, 9, 11, 3),
(149, 9, 12, 4),
(150, 9, 13, 3),
(151, 9, 14, 3),
(152, 9, 15, 4),
(153, 9, 16, 3),
(154, 9, 17, 2),
(155, 9, 18, 2),
(156, 9, 19, 3),
(157, 9, 20, 4),
(158, 9, 21, 3),
(159, 9, 22, 3),
(160, 9, 23, 4),
(161, 9, 24, 3),
(162, 9, 25, 3),
(163, 9, 26, 3),
(164, 9, 27, 4),
(165, 10, 1, 4),
(166, 10, 2, 1),
(167, 10, 3, 4),
(168, 10, 4, 4),
(169, 10, 5, 4),
(170, 10, 6, 1),
(171, 10, 7, 4),
(172, 10, 8, 4),
(173, 10, 9, 4),
(174, 10, 10, 3),
(175, 10, 11, 4),
(176, 10, 12, 4),
(177, 10, 13, 4),
(178, 10, 14, 4),
(179, 10, 15, 4),
(180, 10, 16, 4),
(181, 10, 17, 4),
(182, 10, 18, 3),
(183, 10, 19, 4),
(184, 10, 20, 4),
(185, 10, 21, 1),
(186, 10, 22, 4),
(187, 10, 23, 4),
(188, 10, 24, 1),
(189, 10, 25, 1),
(190, 10, 26, 2),
(191, 10, 27, 4),
(192, 11, 1, 4),
(193, 11, 2, 2),
(194, 11, 3, 4),
(195, 11, 4, 4),
(196, 11, 5, 2),
(197, 11, 6, 2),
(198, 11, 7, 2),
(199, 11, 8, 4),
(200, 11, 9, 4),
(201, 11, 10, 2),
(202, 11, 11, 4),
(203, 11, 12, 4),
(204, 11, 13, 4),
(205, 11, 14, 4),
(206, 11, 15, 4),
(207, 11, 16, 4),
(208, 11, 17, 2),
(209, 11, 18, 2),
(210, 11, 19, 4),
(211, 11, 20, 4),
(212, 11, 21, 2),
(213, 11, 22, 4),
(214, 11, 23, 4),
(215, 11, 24, 2),
(216, 11, 25, 2),
(217, 11, 26, 4),
(218, 11, 27, 4),
(219, 12, 1, 3),
(220, 12, 2, 4),
(221, 12, 3, 4),
(222, 12, 4, 3),
(223, 12, 5, 2),
(224, 12, 6, 3),
(225, 12, 7, 2),
(226, 12, 8, 4),
(227, 12, 9, 3),
(228, 12, 10, 2),
(229, 12, 11, 4),
(230, 12, 12, 2),
(231, 12, 13, 3),
(232, 12, 14, 4),
(233, 12, 15, 3),
(234, 12, 16, 2),
(235, 12, 17, 3),
(236, 12, 18, 2),
(237, 12, 19, 4),
(238, 12, 20, 3),
(239, 12, 21, 2),
(240, 12, 22, 4),
(241, 12, 23, 2),
(242, 12, 24, 2),
(243, 12, 25, 4),
(244, 12, 26, 2),
(245, 12, 27, 2),
(246, 13, 1, 2),
(247, 13, 2, 4),
(248, 13, 3, 4),
(249, 13, 4, 4),
(250, 13, 5, 4),
(251, 13, 6, 4),
(252, 13, 7, 4),
(253, 13, 8, 4),
(254, 13, 9, 2),
(255, 13, 10, 4),
(256, 13, 11, 4),
(257, 13, 12, 4),
(258, 13, 13, 4),
(259, 13, 14, 2),
(260, 13, 15, 2),
(261, 13, 16, 4),
(262, 13, 17, 2),
(263, 13, 18, 4),
(264, 13, 19, 4),
(265, 13, 20, 4),
(266, 13, 21, 2),
(267, 13, 22, 2),
(268, 13, 23, 2),
(269, 13, 24, 2),
(270, 13, 25, 2),
(271, 13, 26, 2),
(272, 13, 27, 4),
(273, 14, 1, 4),
(274, 14, 2, 3),
(275, 14, 3, 3),
(276, 14, 4, 4),
(277, 14, 5, 4),
(278, 14, 6, 3),
(279, 14, 7, 3),
(280, 14, 8, 3),
(281, 14, 9, 4),
(282, 14, 10, 2),
(283, 14, 11, 4),
(284, 14, 12, 3),
(285, 14, 13, 3),
(286, 14, 14, 3),
(287, 14, 15, 4),
(288, 14, 16, 4),
(289, 14, 17, 2),
(290, 14, 18, 3),
(291, 14, 19, 4),
(292, 14, 20, 4),
(293, 14, 21, 2),
(294, 14, 22, 3),
(295, 14, 23, 4),
(296, 14, 24, 2),
(297, 14, 25, 3),
(298, 14, 26, 2),
(299, 14, 27, 4),
(300, 15, 1, 3),
(301, 15, 2, 4),
(302, 15, 3, 3),
(303, 15, 4, 4),
(304, 15, 5, 4),
(305, 15, 6, 3),
(306, 15, 7, 3),
(307, 15, 8, 3),
(308, 15, 9, 4),
(309, 15, 10, 3),
(310, 15, 11, 4),
(311, 15, 12, 4),
(312, 15, 13, 4),
(313, 15, 14, 3),
(314, 15, 15, 4),
(315, 15, 16, 4),
(316, 15, 17, 3),
(317, 15, 18, 2),
(318, 15, 19, 4),
(319, 15, 20, 3),
(320, 15, 21, 3),
(321, 15, 22, 4),
(322, 15, 23, 3),
(323, 15, 24, 2),
(324, 15, 25, 3),
(325, 15, 26, 4),
(326, 15, 27, 4),
(327, 16, 1, 3),
(328, 16, 2, 4),
(329, 16, 3, 2),
(330, 16, 4, 4),
(331, 16, 5, 4),
(332, 16, 6, 4),
(333, 16, 7, 3),
(334, 16, 8, 4),
(335, 16, 9, 2),
(336, 16, 10, 2),
(337, 16, 11, 4),
(338, 16, 12, 4),
(339, 16, 13, 4),
(340, 16, 14, 3),
(341, 16, 15, 4),
(342, 16, 16, 4),
(343, 16, 17, 3),
(344, 16, 18, 3),
(345, 16, 19, 4),
(346, 16, 20, 4),
(347, 16, 21, 2),
(348, 16, 22, 3),
(349, 16, 23, 2),
(350, 16, 24, 2),
(351, 16, 25, 2),
(352, 16, 26, 3),
(353, 16, 27, 3),
(354, 17, 1, 3),
(355, 17, 2, 4),
(356, 17, 3, 3),
(357, 17, 4, 3),
(358, 17, 5, 3),
(359, 17, 6, 4),
(360, 17, 7, 3),
(361, 17, 8, 3),
(362, 17, 9, 3),
(363, 17, 10, 3),
(364, 17, 11, 3),
(365, 17, 12, 3),
(366, 17, 13, 3),
(367, 17, 14, 3),
(368, 17, 15, 3),
(369, 17, 16, 3),
(370, 17, 17, 3),
(371, 17, 18, 2),
(372, 17, 19, 4),
(373, 17, 20, 3),
(374, 17, 21, 3),
(375, 17, 22, 3),
(376, 17, 23, 3),
(377, 17, 24, 3),
(378, 17, 25, 3),
(379, 17, 26, 3),
(380, 17, 27, 2),
(381, 18, 1, 3),
(382, 18, 2, 3),
(383, 18, 3, 4),
(384, 18, 4, 4),
(385, 18, 5, 4),
(386, 18, 6, 2),
(387, 18, 7, 4),
(388, 18, 8, 4),
(389, 18, 9, 3),
(390, 18, 10, 2),
(391, 18, 11, 3),
(392, 18, 12, 4),
(393, 18, 13, 4),
(394, 18, 14, 3),
(395, 18, 15, 3),
(396, 18, 16, 3),
(397, 18, 17, 4),
(398, 18, 18, 3),
(399, 18, 19, 3),
(400, 18, 20, 2),
(401, 18, 21, 2),
(402, 18, 22, 4),
(403, 18, 23, 2),
(404, 18, 24, 2),
(405, 18, 25, 2),
(406, 18, 26, 3),
(407, 18, 27, 3),
(408, 19, 1, 3),
(409, 19, 2, 4),
(410, 19, 3, 2),
(411, 19, 4, 4),
(412, 19, 5, 4),
(413, 19, 6, 4),
(414, 19, 7, 4),
(415, 19, 8, 3),
(416, 19, 9, 4),
(417, 19, 10, 2),
(418, 19, 11, 3),
(419, 19, 12, 2),
(420, 19, 13, 2),
(421, 19, 14, 4),
(422, 19, 15, 2),
(423, 19, 16, 4),
(424, 19, 17, 3),
(425, 19, 18, 2),
(426, 19, 19, 2),
(427, 19, 20, 3),
(428, 19, 21, 4),
(429, 19, 22, 3),
(430, 19, 23, 3),
(431, 19, 24, 4),
(432, 19, 25, 4),
(433, 19, 26, 2),
(434, 19, 27, 3),
(435, 20, 1, 4),
(436, 20, 2, 4),
(437, 20, 3, 2),
(438, 20, 4, 4),
(439, 20, 5, 4),
(440, 20, 6, 4),
(441, 20, 7, 4),
(442, 20, 8, 4),
(443, 20, 9, 4),
(444, 20, 10, 2),
(445, 20, 11, 4),
(446, 20, 12, 4),
(447, 20, 13, 4),
(448, 20, 14, 2),
(449, 20, 15, 4),
(450, 20, 16, 4),
(451, 20, 17, 2),
(452, 20, 18, 2),
(453, 20, 19, 4),
(454, 20, 20, 4),
(455, 20, 21, 2),
(456, 20, 22, 4),
(457, 20, 23, 4),
(458, 20, 24, 2),
(459, 20, 25, 2),
(460, 20, 26, 2),
(461, 20, 27, 2),
(462, 21, 1, 4),
(463, 21, 2, 1),
(464, 21, 3, 4),
(465, 21, 4, 4),
(466, 21, 5, 4),
(467, 21, 6, 1),
(468, 21, 7, 1),
(469, 21, 8, 2),
(470, 21, 9, 4),
(471, 21, 10, 2),
(472, 21, 11, 4),
(473, 21, 12, 3),
(474, 21, 13, 4),
(475, 21, 14, 1),
(476, 21, 15, 2),
(477, 21, 16, 4),
(478, 21, 17, 3),
(479, 21, 18, 1),
(480, 21, 19, 4),
(481, 21, 20, 4),
(482, 21, 21, 2),
(483, 21, 22, 3),
(484, 21, 23, 4),
(485, 21, 24, 1),
(486, 21, 25, 2),
(487, 21, 26, 2),
(488, 21, 27, 4),
(489, 22, 1, 4),
(490, 22, 2, 3),
(491, 22, 3, 2),
(492, 22, 4, 4),
(493, 22, 5, 3),
(494, 22, 6, 4),
(495, 22, 7, 4),
(496, 22, 8, 3),
(497, 22, 9, 4),
(498, 22, 10, 4),
(499, 22, 11, 4),
(500, 22, 12, 2),
(501, 22, 13, 3),
(502, 22, 14, 4),
(503, 22, 15, 4),
(504, 22, 16, 4),
(505, 22, 17, 2),
(506, 22, 18, 2),
(507, 22, 19, 4),
(508, 22, 20, 3),
(509, 22, 21, 1),
(510, 22, 22, 4),
(511, 22, 23, 3),
(512, 22, 24, 1),
(513, 22, 25, 4),
(514, 22, 26, 1),
(515, 22, 27, 4),
(516, 23, 1, 4),
(517, 23, 2, 3),
(518, 23, 3, 4),
(519, 23, 4, 4),
(520, 23, 5, 4),
(521, 23, 6, 3),
(522, 23, 7, 4),
(523, 23, 8, 4),
(524, 23, 9, 4),
(525, 23, 10, 3),
(526, 23, 11, 4),
(527, 23, 12, 4),
(528, 23, 13, 4),
(529, 23, 14, 4),
(530, 23, 15, 4),
(531, 23, 16, 4),
(532, 23, 17, 3),
(533, 23, 18, 4),
(534, 23, 19, 4),
(535, 23, 20, 4),
(536, 23, 21, 3),
(537, 23, 22, 4),
(538, 23, 23, 4),
(539, 23, 24, 3),
(540, 23, 25, 4),
(541, 23, 26, 4),
(542, 23, 27, 4),
(543, 24, 1, 4),
(544, 24, 2, 3),
(545, 24, 3, 4),
(546, 24, 4, 4),
(547, 24, 5, 4),
(548, 24, 6, 3),
(549, 24, 7, 3),
(550, 24, 8, 4),
(551, 24, 9, 3),
(552, 24, 10, 4),
(553, 24, 11, 3),
(554, 24, 12, 3),
(555, 24, 13, 4),
(556, 24, 14, 3),
(557, 24, 15, 4),
(558, 24, 16, 4),
(559, 24, 17, 3),
(560, 24, 18, 3),
(561, 24, 19, 4),
(562, 24, 20, 3),
(563, 24, 21, 2),
(564, 24, 22, 3),
(565, 24, 23, 3),
(566, 24, 24, 2),
(567, 24, 25, 3),
(568, 24, 26, 3),
(569, 24, 27, 3),
(570, 25, 1, 4),
(571, 25, 2, 4),
(572, 25, 3, 3),
(573, 25, 4, 4),
(574, 25, 5, 3),
(575, 25, 6, 3),
(576, 25, 7, 3),
(577, 25, 8, 4),
(578, 25, 9, 3),
(579, 25, 10, 2),
(580, 25, 11, 4),
(581, 25, 12, 3),
(582, 25, 13, 4),
(583, 25, 14, 2),
(584, 25, 15, 3),
(585, 25, 16, 4),
(586, 25, 17, 2),
(587, 25, 18, 2),
(588, 25, 19, 4),
(589, 25, 20, 3),
(590, 25, 21, 3),
(591, 25, 22, 2),
(592, 25, 23, 4),
(593, 25, 24, 2),
(594, 25, 25, 2),
(595, 25, 26, 3),
(596, 25, 27, 4),
(597, 26, 1, 3),
(598, 26, 2, 3),
(599, 26, 3, 1),
(600, 26, 4, 4),
(601, 26, 5, 3),
(602, 26, 6, 3),
(603, 26, 7, 3),
(604, 26, 8, 3),
(605, 26, 9, 2),
(606, 26, 10, 4),
(607, 26, 11, 4),
(608, 26, 12, 3),
(609, 26, 13, 4),
(610, 26, 14, 3),
(611, 26, 15, 4),
(612, 26, 16, 3),
(613, 26, 17, 2),
(614, 26, 18, 2),
(615, 26, 19, 4),
(616, 26, 20, 4),
(617, 26, 21, 3),
(618, 26, 22, 4),
(619, 26, 23, 2),
(620, 26, 24, 1),
(621, 26, 25, 2),
(622, 26, 26, 3),
(623, 26, 27, 4),
(624, 27, 1, 2),
(625, 27, 2, 3),
(626, 27, 3, 2),
(627, 27, 4, 4),
(628, 27, 5, 3),
(629, 27, 6, 2),
(630, 27, 7, 3),
(631, 27, 8, 2),
(632, 27, 9, 4),
(633, 27, 10, 3),
(634, 27, 11, 4),
(635, 27, 12, 4),
(636, 27, 13, 3),
(637, 27, 14, 3),
(638, 27, 15, 2),
(639, 27, 16, 2),
(640, 27, 17, 2),
(641, 27, 18, 3),
(642, 27, 19, 4),
(643, 27, 20, 3),
(644, 27, 21, 4),
(645, 27, 22, 2),
(646, 27, 23, 3),
(647, 27, 24, 2),
(648, 27, 25, 4),
(649, 27, 26, 2),
(650, 27, 27, 2),
(651, 28, 1, 3),
(652, 28, 2, 4),
(653, 28, 3, 3),
(654, 28, 4, 4),
(655, 28, 5, 4),
(656, 28, 6, 4),
(657, 28, 7, 4),
(658, 28, 8, 3),
(659, 28, 9, 4),
(660, 28, 10, 4),
(661, 28, 11, 3),
(662, 28, 12, 4),
(663, 28, 13, 3),
(664, 28, 14, 2),
(665, 28, 15, 4),
(666, 28, 16, 3),
(667, 28, 17, 4),
(668, 28, 18, 4),
(669, 28, 19, 3),
(670, 28, 20, 4),
(671, 28, 21, 4),
(672, 28, 22, 3),
(673, 28, 23, 4),
(674, 28, 24, 2),
(675, 28, 25, 4),
(676, 28, 26, 3),
(677, 28, 27, 4),
(678, 29, 1, 4),
(679, 29, 2, 4),
(680, 29, 3, 3),
(681, 29, 4, 4),
(682, 29, 5, 4),
(683, 29, 6, 2),
(684, 29, 7, 4),
(685, 29, 8, 3),
(686, 29, 9, 2),
(687, 29, 10, 3),
(688, 29, 11, 4),
(689, 29, 12, 3),
(690, 29, 13, 4),
(691, 29, 14, 2),
(692, 29, 15, 3),
(693, 29, 16, 2),
(694, 29, 17, 2),
(695, 29, 18, 3),
(696, 29, 19, 4),
(697, 29, 20, 3),
(698, 29, 21, 2),
(699, 29, 22, 4),
(700, 29, 23, 4),
(701, 29, 24, 3),
(702, 29, 25, 3),
(703, 29, 26, 2),
(704, 29, 27, 3),
(705, 30, 1, 3),
(706, 30, 2, 3),
(707, 30, 3, 4),
(708, 30, 4, 3),
(709, 30, 5, 4),
(710, 30, 6, 2),
(711, 30, 7, 3),
(712, 30, 8, 4),
(713, 30, 9, 3),
(714, 30, 10, 3),
(715, 30, 11, 3),
(716, 30, 12, 4),
(717, 30, 13, 3),
(718, 30, 14, 2),
(719, 30, 15, 3),
(720, 30, 16, 4),
(721, 30, 17, 4),
(722, 30, 18, 3),
(723, 30, 19, 4),
(724, 30, 20, 3),
(725, 30, 21, 2),
(726, 30, 22, 4),
(727, 30, 23, 3),
(728, 30, 24, 2),
(729, 30, 25, 2),
(730, 30, 26, 3),
(731, 30, 27, 4),
(732, 31, 1, 3),
(733, 31, 2, 4),
(734, 31, 3, 2),
(735, 31, 4, 4),
(736, 31, 5, 4),
(737, 31, 6, 4),
(738, 31, 7, 4),
(739, 31, 8, 3),
(740, 31, 9, 4),
(741, 31, 10, 3),
(742, 31, 11, 4),
(743, 31, 12, 4),
(744, 31, 13, 3),
(745, 31, 14, 4),
(746, 31, 15, 4),
(747, 31, 16, 3),
(748, 31, 17, 3),
(749, 31, 18, 4),
(750, 31, 19, 4),
(751, 31, 20, 4),
(752, 31, 21, 3),
(753, 31, 22, 4),
(754, 31, 23, 4),
(755, 31, 24, 2),
(756, 31, 25, 4),
(757, 31, 26, 4),
(758, 31, 27, 4),
(759, 32, 1, 4),
(760, 32, 2, 3),
(761, 32, 3, 2),
(762, 32, 4, 3),
(763, 32, 5, 3),
(764, 32, 6, 2),
(765, 32, 7, 3),
(766, 32, 8, 4),
(767, 32, 9, 4),
(768, 32, 10, 3),
(769, 32, 11, 4),
(770, 32, 12, 2),
(771, 32, 13, 3),
(772, 32, 14, 3),
(773, 32, 15, 3),
(774, 32, 16, 4),
(775, 32, 17, 2),
(776, 32, 18, 2),
(777, 32, 19, 2),
(778, 32, 20, 3),
(779, 32, 21, 2),
(780, 32, 22, 4),
(781, 32, 23, 2),
(782, 32, 24, 2),
(783, 32, 25, 2),
(784, 32, 26, 3),
(785, 32, 27, 2),
(786, 33, 1, 4),
(787, 33, 2, 3),
(788, 33, 3, 2),
(789, 33, 4, 3),
(790, 33, 5, 4),
(791, 33, 6, 2),
(792, 33, 7, 4),
(793, 33, 8, 4),
(794, 33, 9, 3),
(795, 33, 10, 3),
(796, 33, 11, 3),
(797, 33, 12, 4),
(798, 33, 13, 4),
(799, 33, 14, 3),
(800, 33, 15, 4),
(801, 33, 16, 4),
(802, 33, 17, 3),
(803, 33, 18, 2),
(804, 33, 19, 4),
(805, 33, 20, 4),
(806, 33, 21, 3),
(807, 33, 22, 4),
(808, 33, 23, 4),
(809, 33, 24, 2),
(810, 33, 25, 3),
(811, 33, 26, 2),
(812, 33, 27, 3),
(813, 3, 1, 4),
(814, 3, 2, 3),
(815, 3, 3, 1),
(816, 3, 4, 4),
(817, 3, 5, 4),
(818, 3, 6, 4),
(819, 3, 7, 3),
(820, 3, 8, 4),
(821, 3, 9, 4),
(822, 3, 10, 3),
(823, 3, 11, 4),
(824, 3, 12, 3),
(825, 3, 13, 4),
(826, 3, 14, 4),
(827, 3, 15, 1),
(828, 3, 16, 3),
(829, 3, 17, 4),
(830, 3, 18, 3),
(831, 3, 19, 3),
(832, 3, 20, 3),
(833, 3, 21, 4),
(834, 3, 22, 3),
(835, 3, 23, 2),
(836, 3, 24, 1),
(837, 3, 25, 3),
(838, 3, 26, 4),
(839, 3, 27, 1),
(840, 4, 1, 4),
(841, 4, 2, 3),
(842, 4, 3, 4),
(843, 4, 4, 4),
(844, 4, 5, 4),
(845, 4, 6, 3),
(846, 4, 7, 4),
(847, 4, 8, 4),
(848, 4, 9, 3),
(849, 4, 10, 3),
(850, 4, 11, 4),
(851, 4, 12, 4),
(852, 4, 13, 3),
(853, 4, 14, 3),
(854, 4, 15, 3),
(855, 4, 16, 4),
(856, 4, 17, 3),
(857, 4, 18, 3),
(858, 4, 19, 4),
(859, 4, 20, 3),
(860, 4, 21, 3),
(861, 4, 22, 4),
(862, 4, 23, 4),
(863, 4, 24, 2),
(864, 4, 25, 3),
(865, 4, 26, 3),
(866, 4, 27, 1),
(867, 5, 1, 4),
(868, 5, 2, 4),
(869, 5, 3, 1),
(870, 5, 4, 4),
(871, 5, 5, 4),
(872, 5, 6, 4),
(873, 5, 7, 4),
(874, 5, 8, 4),
(875, 5, 9, 4),
(876, 5, 10, 1),
(877, 5, 11, 4),
(878, 5, 12, 3),
(879, 5, 13, 4),
(880, 5, 14, 3),
(881, 5, 15, 2),
(882, 5, 16, 3),
(883, 5, 17, 2),
(884, 5, 18, 3),
(885, 5, 19, 4),
(886, 5, 20, 3),
(887, 5, 21, 1),
(888, 5, 22, 3),
(889, 5, 23, 1),
(890, 5, 24, 1),
(891, 5, 25, 3),
(892, 5, 26, 1),
(893, 5, 27, 2),
(894, 34, 1, 4),
(895, 34, 2, 4),
(896, 34, 3, 1),
(897, 34, 4, 4),
(898, 34, 5, 4),
(899, 34, 6, 4),
(900, 34, 7, 4),
(901, 34, 8, 3),
(902, 34, 9, 4),
(903, 34, 10, 4),
(904, 34, 11, 3),
(905, 34, 12, 3),
(906, 34, 13, 3),
(907, 34, 14, 3),
(908, 34, 15, 3),
(909, 34, 16, 2),
(910, 34, 17, 3),
(911, 34, 18, 4),
(912, 34, 19, 4),
(913, 34, 20, 3),
(914, 34, 21, 3),
(915, 34, 22, 3),
(916, 34, 23, 1),
(917, 34, 24, 1),
(918, 34, 25, 3),
(919, 34, 26, 3),
(920, 34, 27, 1),
(921, 35, 1, 4),
(922, 35, 2, 4),
(923, 35, 3, 1),
(924, 35, 4, 4),
(925, 35, 5, 4),
(926, 35, 6, 3),
(927, 35, 7, 3),
(928, 35, 8, 2),
(929, 35, 9, 3),
(930, 35, 10, 4),
(931, 35, 11, 3),
(932, 35, 12, 3),
(933, 35, 13, 3),
(934, 35, 14, 4),
(935, 35, 15, 4),
(936, 35, 16, 3),
(937, 35, 17, 3),
(938, 35, 18, 3),
(939, 35, 19, 4),
(940, 35, 20, 4),
(941, 35, 21, 4),
(942, 35, 22, 2),
(943, 35, 23, 1),
(944, 35, 24, 1),
(945, 35, 25, 1),
(946, 35, 26, 3),
(947, 35, 27, 3),
(948, 36, 1, 3),
(949, 36, 2, 4),
(950, 36, 3, 2),
(951, 36, 4, 4),
(952, 36, 5, 4),
(953, 36, 6, 4),
(954, 36, 7, 3),
(955, 36, 8, 4),
(956, 36, 9, 4),
(957, 36, 10, 3),
(958, 36, 11, 4),
(959, 36, 12, 3),
(960, 36, 13, 4),
(961, 36, 14, 4),
(962, 36, 15, 4),
(963, 36, 16, 3),
(964, 36, 17, 2),
(965, 36, 18, 4),
(966, 36, 19, 3),
(967, 36, 20, 4),
(968, 36, 21, 3),
(969, 36, 22, 3),
(970, 36, 23, 4),
(971, 36, 24, 3),
(972, 36, 25, 4),
(973, 36, 26, 4),
(974, 36, 27, 4),
(975, 37, 1, 3),
(976, 37, 2, 4),
(977, 37, 3, 4),
(978, 37, 4, 4),
(979, 37, 5, 4),
(980, 37, 6, 4),
(981, 37, 7, 4),
(982, 37, 8, 3),
(983, 37, 9, 3),
(984, 37, 10, 4),
(985, 37, 11, 4),
(986, 37, 12, 3),
(987, 37, 13, 4),
(988, 37, 14, 3),
(989, 37, 15, 4),
(990, 37, 16, 4),
(991, 37, 17, 4),
(992, 37, 18, 3),
(993, 37, 19, 2),
(994, 37, 20, 4),
(995, 37, 21, 2),
(996, 37, 22, 3),
(997, 37, 23, 2),
(998, 37, 24, 1),
(999, 37, 25, 3),
(1000, 37, 26, 3),
(1001, 37, 27, 2),
(1002, 38, 1, 4),
(1003, 38, 2, 3),
(1004, 38, 3, 1),
(1005, 38, 4, 4),
(1006, 38, 5, 4),
(1007, 38, 6, 4),
(1008, 38, 7, 2),
(1009, 38, 8, 2),
(1010, 38, 9, 2),
(1011, 38, 10, 1),
(1012, 38, 11, 3),
(1013, 38, 12, 3),
(1014, 38, 13, 4),
(1015, 38, 14, 2),
(1016, 38, 15, 3),
(1017, 38, 16, 3),
(1018, 38, 17, 3),
(1019, 38, 18, 2),
(1020, 38, 19, 4),
(1021, 38, 20, 4),
(1022, 38, 21, 4),
(1023, 38, 22, 2),
(1024, 38, 23, 1),
(1025, 38, 24, 3),
(1026, 38, 25, 1),
(1027, 38, 26, 2),
(1028, 38, 27, 4),
(1029, 39, 1, 3),
(1030, 39, 2, 4),
(1031, 39, 3, 4),
(1032, 39, 4, 4),
(1033, 39, 5, 4),
(1034, 39, 6, 4),
(1035, 39, 7, 3),
(1036, 39, 8, 2),
(1037, 39, 9, 3),
(1038, 39, 10, 3),
(1039, 39, 11, 4),
(1040, 39, 12, 3),
(1041, 39, 13, 2),
(1042, 39, 14, 4),
(1043, 39, 15, 4),
(1044, 39, 16, 4),
(1045, 39, 17, 2),
(1046, 39, 18, 3),
(1047, 39, 19, 4),
(1048, 39, 20, 3),
(1049, 39, 21, 4),
(1050, 39, 22, 3),
(1051, 39, 23, 2),
(1052, 39, 24, 1),
(1053, 39, 25, 2),
(1054, 39, 26, 3),
(1055, 39, 27, 4),
(1056, 40, 1, 2),
(1057, 40, 2, 3),
(1058, 40, 3, 1),
(1059, 40, 4, 3),
(1060, 40, 5, 3),
(1061, 40, 6, 4),
(1062, 40, 7, 2),
(1063, 40, 8, 3),
(1064, 40, 9, 3),
(1065, 40, 10, 2),
(1066, 40, 11, 3),
(1067, 40, 12, 1),
(1068, 40, 13, 4),
(1069, 40, 14, 4),
(1070, 40, 15, 1),
(1071, 40, 16, 3),
(1072, 40, 17, 3),
(1073, 40, 18, 1),
(1074, 40, 19, 3),
(1075, 40, 20, 3),
(1076, 40, 21, 3),
(1077, 40, 22, 2),
(1078, 40, 23, 2),
(1079, 40, 24, 3),
(1080, 40, 25, 2),
(1081, 40, 26, 2),
(1082, 40, 27, 2),
(1083, 41, 1, 3),
(1084, 41, 2, 3),
(1085, 41, 3, 2),
(1086, 41, 4, 4),
(1087, 41, 5, 4),
(1088, 41, 6, 1),
(1089, 41, 7, 3),
(1090, 41, 8, 2),
(1091, 41, 9, 3),
(1092, 41, 10, 3),
(1093, 41, 11, 3),
(1094, 41, 12, 3),
(1095, 41, 13, 4),
(1096, 41, 14, 3),
(1097, 41, 15, 3),
(1098, 41, 16, 3),
(1099, 41, 17, 3),
(1100, 41, 18, 3),
(1101, 41, 19, 4),
(1102, 41, 20, 4),
(1103, 41, 21, 4),
(1104, 41, 22, 4),
(1105, 41, 23, 3),
(1106, 41, 24, 1),
(1107, 41, 25, 3),
(1108, 41, 26, 3),
(1109, 41, 27, 4),
(1110, 42, 1, 3),
(1111, 42, 2, 3),
(1112, 42, 3, 3),
(1113, 42, 4, 3),
(1114, 42, 5, 3),
(1115, 42, 6, 4),
(1116, 42, 7, 3),
(1117, 42, 8, 4),
(1118, 42, 9, 4),
(1119, 42, 10, 4),
(1120, 42, 11, 3),
(1121, 42, 12, 3),
(1122, 42, 13, 4),
(1123, 42, 14, 3),
(1124, 42, 15, 3),
(1125, 42, 16, 2),
(1126, 42, 17, 2),
(1127, 42, 18, 3),
(1128, 42, 19, 4),
(1129, 42, 20, 3),
(1130, 42, 21, 2),
(1131, 42, 22, 3),
(1132, 42, 23, 3),
(1133, 42, 24, 1),
(1134, 42, 25, 2),
(1135, 42, 26, 1),
(1136, 42, 27, 2),
(1137, 43, 1, 4),
(1138, 43, 2, 3),
(1139, 43, 3, 2),
(1140, 43, 4, 4),
(1141, 43, 5, 4),
(1142, 43, 6, 4),
(1143, 43, 7, 3),
(1144, 43, 8, 3),
(1145, 43, 9, 4),
(1146, 43, 10, 3),
(1147, 43, 11, 3),
(1148, 43, 12, 3),
(1149, 43, 13, 3),
(1150, 43, 14, 2),
(1151, 43, 15, 3),
(1152, 43, 16, 2),
(1153, 43, 17, 3),
(1154, 43, 18, 4),
(1155, 43, 19, 3),
(1156, 43, 20, 3),
(1157, 43, 21, 4),
(1158, 43, 22, 3),
(1159, 43, 23, 3),
(1160, 43, 24, 4),
(1161, 43, 25, 3),
(1162, 43, 26, 3),
(1163, 43, 27, 4),
(1164, 44, 1, 4),
(1165, 44, 2, 4),
(1166, 44, 3, 1),
(1167, 44, 4, 4),
(1168, 44, 5, 4),
(1169, 44, 6, 4),
(1170, 44, 7, 3),
(1171, 44, 8, 4),
(1172, 44, 9, 4),
(1173, 44, 10, 4),
(1174, 44, 11, 4),
(1175, 44, 12, 3),
(1176, 44, 13, 4),
(1177, 44, 14, 4),
(1178, 44, 15, 3),
(1179, 44, 16, 3),
(1180, 44, 17, 4),
(1181, 44, 18, 3),
(1182, 44, 19, 4),
(1183, 44, 20, 4),
(1184, 44, 21, 3),
(1185, 44, 22, 4),
(1186, 44, 23, 2),
(1187, 44, 24, 1),
(1188, 44, 25, 3),
(1189, 44, 26, 3),
(1190, 44, 27, 3),
(1191, 45, 1, 4),
(1192, 45, 2, 4),
(1193, 45, 3, 4),
(1194, 45, 4, 4),
(1195, 45, 5, 4),
(1196, 45, 6, 4),
(1197, 45, 7, 4),
(1198, 45, 8, 3),
(1199, 45, 9, 2),
(1200, 45, 10, 2),
(1201, 45, 11, 4),
(1202, 45, 12, 3),
(1203, 45, 13, 4),
(1204, 45, 14, 3),
(1205, 45, 15, 3),
(1206, 45, 16, 3),
(1207, 45, 17, 2),
(1208, 45, 18, 1),
(1209, 45, 19, 4),
(1210, 45, 20, 4),
(1211, 45, 21, 1),
(1212, 45, 22, 2),
(1213, 45, 23, 3),
(1214, 45, 24, 1),
(1215, 45, 25, 2),
(1216, 45, 26, 2),
(1217, 45, 27, 2),
(1218, 46, 1, 3),
(1219, 46, 2, 4),
(1220, 46, 3, 4),
(1221, 46, 4, 4),
(1222, 46, 5, 4),
(1223, 46, 6, 3),
(1224, 46, 7, 3),
(1225, 46, 8, 4),
(1226, 46, 9, 2),
(1227, 46, 10, 2),
(1228, 46, 11, 2),
(1229, 46, 12, 3),
(1230, 46, 13, 3),
(1231, 46, 14, 4),
(1232, 46, 15, 4),
(1233, 46, 16, 4),
(1234, 46, 17, 3),
(1235, 46, 18, 3),
(1236, 46, 19, 2),
(1237, 46, 20, 3),
(1238, 46, 21, 4),
(1239, 46, 22, 4),
(1240, 46, 23, 3),
(1241, 46, 24, 3),
(1242, 46, 25, 3),
(1243, 46, 26, 2),
(1244, 46, 27, 3),
(1245, 47, 1, 3),
(1246, 47, 2, 4),
(1247, 47, 3, 4),
(1248, 47, 4, 3),
(1249, 47, 5, 4),
(1250, 47, 6, 4),
(1251, 47, 7, 3),
(1252, 47, 8, 3),
(1253, 47, 9, 4),
(1254, 47, 10, 3),
(1255, 47, 11, 3),
(1256, 47, 12, 4),
(1257, 47, 13, 3),
(1258, 47, 14, 4),
(1259, 47, 15, 4),
(1260, 47, 16, 3),
(1261, 47, 17, 4),
(1262, 47, 18, 4),
(1263, 47, 19, 4),
(1264, 47, 20, 3),
(1265, 47, 21, 4),
(1266, 47, 22, 3),
(1267, 47, 23, 3),
(1268, 47, 24, 2),
(1269, 47, 25, 4),
(1270, 47, 26, 3),
(1271, 47, 27, 4),
(1272, 48, 1, 3),
(1273, 48, 2, 3),
(1274, 48, 3, 4),
(1275, 48, 4, 4),
(1276, 48, 5, 4),
(1277, 48, 6, 3),
(1278, 48, 7, 4),
(1279, 48, 8, 4),
(1280, 48, 9, 4),
(1281, 48, 10, 1),
(1282, 48, 11, 4),
(1283, 48, 12, 1),
(1284, 48, 13, 1),
(1285, 48, 14, 1),
(1286, 48, 15, 1),
(1287, 48, 16, 1),
(1288, 48, 17, 3),
(1289, 48, 18, 4),
(1290, 48, 19, 3),
(1291, 48, 20, 2),
(1292, 48, 21, 4),
(1293, 48, 22, 2),
(1294, 48, 23, 1),
(1295, 48, 24, 1),
(1296, 48, 25, 4),
(1297, 48, 26, 1),
(1298, 48, 27, 4),
(1299, 49, 1, 4),
(1300, 49, 2, 4),
(1301, 49, 3, 1),
(1302, 49, 4, 3),
(1303, 49, 5, 3),
(1304, 49, 6, 4),
(1305, 49, 7, 3),
(1306, 49, 8, 3),
(1307, 49, 9, 3),
(1308, 49, 10, 3),
(1309, 49, 11, 3),
(1310, 49, 12, 3),
(1311, 49, 13, 3),
(1312, 49, 14, 2),
(1313, 49, 15, 3),
(1314, 49, 16, 3),
(1315, 49, 17, 4),
(1316, 49, 18, 3),
(1317, 49, 19, 3),
(1318, 49, 20, 3),
(1319, 49, 21, 3),
(1320, 49, 22, 3),
(1321, 49, 23, 2),
(1322, 49, 24, 2),
(1323, 49, 25, 3),
(1324, 49, 26, 3),
(1325, 49, 27, 3),
(1326, 50, 1, 4),
(1327, 50, 2, 4),
(1328, 50, 3, 1),
(1329, 50, 4, 3),
(1330, 50, 5, 4),
(1331, 50, 6, 4),
(1332, 50, 7, 3),
(1333, 50, 8, 3),
(1334, 50, 9, 2),
(1335, 50, 10, 4),
(1336, 50, 11, 3),
(1337, 50, 12, 3),
(1338, 50, 13, 4),
(1339, 50, 14, 4),
(1340, 50, 15, 4),
(1341, 50, 16, 4),
(1342, 50, 17, 2),
(1343, 50, 18, 3),
(1344, 50, 19, 4),
(1345, 50, 20, 4),
(1346, 50, 21, 4),
(1347, 50, 22, 3),
(1348, 50, 23, 2),
(1349, 50, 24, 3),
(1350, 50, 25, 3),
(1351, 50, 26, 2),
(1352, 50, 27, 4),
(1353, 51, 1, 4),
(1354, 51, 2, 3),
(1355, 51, 3, 2),
(1356, 51, 4, 3),
(1357, 51, 5, 4),
(1358, 51, 6, 3),
(1359, 51, 7, 3),
(1360, 51, 8, 4),
(1361, 51, 9, 3),
(1362, 51, 10, 2),
(1363, 51, 11, 3),
(1364, 51, 12, 3),
(1365, 51, 13, 3),
(1366, 51, 14, 4),
(1367, 51, 15, 3),
(1368, 51, 16, 3),
(1369, 51, 17, 3),
(1370, 51, 18, 3),
(1371, 51, 19, 4),
(1372, 51, 20, 3),
(1373, 51, 21, 4),
(1374, 51, 22, 3),
(1375, 51, 23, 3),
(1376, 51, 24, 1),
(1377, 51, 25, 2),
(1378, 51, 26, 3),
(1379, 51, 27, 4),
(1380, 52, 1, 4),
(1381, 52, 2, 3),
(1382, 52, 3, 2),
(1383, 52, 4, 4),
(1384, 52, 5, 4),
(1385, 52, 6, 3),
(1386, 52, 7, 4),
(1387, 52, 8, 3),
(1388, 52, 9, 2),
(1389, 52, 10, 3),
(1390, 52, 11, 3),
(1391, 52, 12, 3),
(1392, 52, 13, 0),
(1393, 52, 14, 2),
(1394, 52, 15, 4),
(1395, 52, 16, 3),
(1396, 52, 17, 2),
(1397, 52, 18, 3),
(1398, 52, 19, 4),
(1399, 52, 20, 4),
(1400, 52, 21, 3),
(1401, 52, 22, 3),
(1402, 52, 23, 2),
(1403, 52, 24, 2),
(1404, 52, 25, 1),
(1405, 52, 26, 3),
(1406, 52, 27, 2),
(1407, 53, 1, 2),
(1408, 53, 2, 4),
(1409, 53, 3, 1),
(1410, 53, 4, 4),
(1411, 53, 5, 4),
(1412, 53, 6, 4),
(1413, 53, 7, 2),
(1414, 53, 8, 3),
(1415, 53, 9, 4),
(1416, 53, 10, 4),
(1417, 53, 11, 2),
(1418, 53, 12, 1),
(1419, 53, 13, 1),
(1420, 53, 14, 1),
(1421, 53, 15, 1),
(1422, 53, 16, 4),
(1423, 53, 17, 1),
(1424, 53, 18, 1),
(1425, 53, 19, 1),
(1426, 53, 20, 1),
(1427, 53, 21, 4),
(1428, 53, 22, 4),
(1429, 53, 23, 2),
(1430, 53, 24, 1),
(1431, 53, 25, 4),
(1432, 53, 26, 4),
(1433, 53, 27, 4),
(1434, 54, 1, 3),
(1435, 54, 2, 3),
(1436, 54, 3, 4),
(1437, 54, 4, 4),
(1438, 54, 5, 4),
(1439, 54, 6, 3),
(1440, 54, 7, 4),
(1441, 54, 8, 3),
(1442, 54, 9, 3),
(1443, 54, 10, 3),
(1444, 54, 11, 4),
(1445, 54, 12, 4),
(1446, 54, 13, 3),
(1447, 54, 14, 3),
(1448, 54, 15, 4),
(1449, 54, 16, 3),
(1450, 54, 17, 3),
(1451, 54, 18, 1),
(1452, 54, 19, 4),
(1453, 54, 20, 3),
(1454, 54, 21, 3),
(1455, 54, 22, 4),
(1456, 54, 23, 4),
(1457, 54, 24, 1),
(1458, 54, 25, 3),
(1459, 54, 26, 1),
(1460, 54, 27, 3),
(1515, 55, 1, 4),
(1516, 55, 2, 3),
(1517, 55, 3, 1),
(1518, 55, 4, 4),
(1519, 55, 5, 3),
(1520, 55, 6, 4),
(1521, 55, 7, 3),
(1522, 55, 8, 2),
(1523, 55, 9, 3),
(1524, 55, 10, 3),
(1525, 55, 11, 3),
(1526, 55, 12, 3),
(1527, 55, 13, 3),
(1528, 55, 14, 2),
(1529, 55, 15, 3),
(1530, 55, 16, 3),
(1531, 55, 17, 3),
(1532, 55, 18, 3),
(1533, 55, 19, 3),
(1534, 55, 20, 2),
(1535, 55, 21, 3),
(1536, 55, 22, 3),
(1537, 55, 23, 3),
(1538, 55, 24, 2),
(1539, 55, 25, 3),
(1540, 55, 26, 3),
(1541, 55, 27, 2),
(1542, 56, 1, 4),
(1543, 56, 2, 2),
(1544, 56, 3, 1),
(1545, 56, 4, 4),
(1546, 56, 5, 4),
(1547, 56, 6, 3),
(1548, 56, 7, 2),
(1549, 56, 8, 3),
(1550, 56, 9, 2),
(1551, 56, 10, 3),
(1552, 56, 11, 3),
(1553, 56, 12, 3),
(1554, 56, 13, 4),
(1555, 56, 14, 2),
(1556, 56, 15, 3),
(1557, 56, 16, 3),
(1558, 56, 17, 2),
(1559, 56, 18, 2),
(1560, 56, 19, 2),
(1561, 56, 20, 3),
(1562, 56, 21, 4),
(1563, 56, 22, 3),
(1564, 56, 23, 2),
(1565, 56, 24, 3),
(1566, 56, 25, 2),
(1567, 56, 26, 3),
(1568, 56, 27, 3),
(1569, 57, 1, 3),
(1570, 57, 2, 3),
(1571, 57, 3, 3),
(1572, 57, 4, 3),
(1573, 57, 5, 3),
(1574, 57, 6, 4),
(1575, 57, 7, 3),
(1576, 57, 8, 3),
(1577, 57, 9, 4),
(1578, 57, 10, 4),
(1579, 57, 11, 3),
(1580, 57, 12, 3),
(1581, 57, 13, 3),
(1582, 57, 14, 3),
(1583, 57, 15, 3),
(1584, 57, 16, 2),
(1585, 57, 17, 3),
(1586, 57, 18, 3),
(1587, 57, 19, 3),
(1588, 57, 20, 3),
(1589, 57, 21, 3),
(1590, 57, 22, 3),
(1591, 57, 23, 2),
(1592, 57, 24, 2),
(1593, 57, 25, 2),
(1594, 57, 26, 2),
(1595, 57, 27, 2),
(1596, 58, 1, 4),
(1597, 58, 2, 4),
(1598, 58, 3, 1),
(1599, 58, 4, 4),
(1600, 58, 5, 4),
(1601, 58, 6, 4),
(1602, 58, 7, 4),
(1603, 58, 8, 4),
(1604, 58, 9, 4),
(1605, 58, 10, 4),
(1606, 58, 11, 3),
(1607, 58, 12, 3),
(1608, 58, 13, 3),
(1609, 58, 14, 3),
(1610, 58, 15, 3),
(1611, 58, 16, 2),
(1612, 58, 17, 2),
(1613, 58, 18, 3),
(1614, 58, 19, 4),
(1615, 58, 20, 4),
(1616, 58, 21, 3),
(1617, 58, 22, 3),
(1618, 58, 23, 1),
(1619, 58, 24, 1),
(1620, 58, 25, 3),
(1621, 58, 26, 3),
(1622, 58, 27, 1),
(1623, 59, 1, 4),
(1624, 59, 2, 3),
(1625, 59, 3, 3),
(1626, 59, 4, 4),
(1627, 59, 5, 4),
(1628, 59, 6, 4),
(1629, 59, 7, 3),
(1630, 59, 8, 4),
(1631, 59, 9, 4),
(1632, 59, 10, 3),
(1633, 59, 11, 3),
(1634, 59, 12, 3),
(1635, 59, 13, 4),
(1636, 59, 14, 3),
(1637, 59, 15, 3),
(1638, 59, 16, 4),
(1639, 59, 17, 3),
(1640, 59, 18, 3),
(1641, 59, 19, 4),
(1642, 59, 20, 4),
(1643, 59, 21, 3),
(1644, 59, 22, 3),
(1645, 59, 23, 3),
(1646, 59, 24, 2),
(1647, 59, 25, 3),
(1648, 59, 26, 3),
(1649, 59, 27, 3),
(1650, 60, 1, 4),
(1651, 60, 2, 3),
(1652, 60, 3, 2),
(1653, 60, 4, 4),
(1654, 60, 5, 4),
(1655, 60, 6, 3),
(1656, 60, 7, 3),
(1657, 60, 8, 3),
(1658, 60, 9, 4),
(1659, 60, 10, 3),
(1660, 60, 11, 3),
(1661, 60, 12, 3),
(1662, 60, 13, 4),
(1663, 60, 14, 2),
(1664, 60, 15, 4),
(1665, 60, 16, 3),
(1666, 60, 17, 3),
(1667, 60, 18, 4),
(1668, 60, 19, 3),
(1669, 60, 20, 3),
(1670, 60, 21, 4),
(1671, 60, 22, 2),
(1672, 60, 23, 3),
(1673, 60, 24, 2),
(1674, 60, 25, 3),
(1675, 60, 26, 3),
(1676, 60, 27, 4),
(1677, 61, 1, 4),
(1678, 61, 2, 4),
(1679, 61, 3, 1),
(1680, 61, 4, 4),
(1681, 61, 5, 4),
(1682, 61, 6, 4),
(1683, 61, 7, 4),
(1684, 61, 8, 4),
(1685, 61, 9, 4),
(1686, 61, 10, 3),
(1687, 61, 11, 4),
(1688, 61, 12, 4),
(1689, 61, 13, 4),
(1690, 61, 14, 2),
(1691, 61, 15, 4),
(1692, 61, 16, 4),
(1693, 61, 17, 3),
(1694, 61, 18, 4),
(1695, 61, 19, 4),
(1696, 61, 20, 4),
(1697, 61, 21, 2),
(1698, 61, 22, 4),
(1699, 61, 23, 4),
(1700, 61, 24, 1),
(1701, 61, 25, 3),
(1702, 61, 26, 4),
(1703, 61, 27, 4),
(1704, 62, 1, 3),
(1705, 62, 2, 4),
(1706, 62, 3, 2),
(1707, 62, 4, 4),
(1708, 62, 5, 3),
(1709, 62, 6, 4),
(1710, 62, 7, 3),
(1711, 62, 8, 2),
(1712, 62, 9, 3),
(1713, 62, 10, 2),
(1714, 62, 11, 3),
(1715, 62, 12, 3),
(1716, 62, 13, 4),
(1717, 62, 14, 3),
(1718, 62, 15, 2),
(1719, 62, 16, 3),
(1720, 62, 17, 3),
(1721, 62, 18, 3),
(1722, 62, 19, 4),
(1723, 62, 20, 3),
(1724, 62, 21, 2),
(1725, 62, 22, 2),
(1726, 62, 23, 2),
(1727, 62, 24, 3),
(1728, 62, 25, 3),
(1729, 62, 26, 3),
(1730, 62, 27, 4),
(1731, 63, 1, 4),
(1732, 63, 2, 3),
(1733, 63, 3, 2),
(1734, 63, 4, 4),
(1735, 63, 5, 4),
(1736, 63, 6, 3),
(1737, 63, 7, 3),
(1738, 63, 8, 4),
(1739, 63, 9, 4),
(1740, 63, 10, 3),
(1741, 63, 11, 3),
(1742, 63, 12, 3),
(1743, 63, 13, 4),
(1744, 63, 14, 2),
(1745, 63, 15, 4),
(1746, 63, 16, 4),
(1747, 63, 17, 4),
(1748, 63, 18, 4),
(1749, 63, 19, 4),
(1750, 63, 20, 3),
(1751, 63, 21, 4),
(1752, 63, 22, 4),
(1753, 63, 23, 4),
(1754, 63, 24, 2),
(1755, 63, 25, 4),
(1756, 63, 26, 4),
(1757, 63, 27, 4),
(1758, 64, 1, 4),
(1759, 64, 2, 3),
(1760, 64, 3, 3),
(1761, 64, 4, 4),
(1762, 64, 5, 4),
(1763, 64, 6, 4),
(1764, 64, 7, 4),
(1765, 64, 8, 3),
(1766, 64, 9, 3),
(1767, 64, 10, 4),
(1768, 64, 11, 3),
(1769, 64, 12, 3),
(1770, 64, 13, 4),
(1771, 64, 14, 3),
(1772, 64, 15, 2),
(1773, 64, 16, 3),
(1774, 64, 17, 2),
(1775, 64, 18, 3),
(1776, 64, 19, 4),
(1777, 64, 20, 4),
(1778, 64, 21, 3),
(1779, 64, 22, 3),
(1780, 64, 23, 2),
(1781, 64, 24, 1),
(1782, 64, 25, 3),
(1783, 64, 26, 3),
(1784, 64, 27, 3),
(1785, 65, 1, 3),
(1786, 65, 2, 4),
(1787, 65, 3, 4),
(1788, 65, 4, 4),
(1789, 65, 5, 4),
(1790, 65, 6, 4),
(1791, 65, 7, 4),
(1792, 65, 8, 3),
(1793, 65, 9, 4),
(1794, 65, 10, 4),
(1795, 65, 11, 3),
(1796, 65, 12, 3),
(1797, 65, 13, 4),
(1798, 65, 14, 3),
(1799, 65, 15, 3),
(1800, 65, 16, 3),
(1801, 65, 17, 3),
(1802, 65, 18, 3),
(1803, 65, 19, 4),
(1804, 65, 20, 3),
(1805, 65, 21, 3),
(1806, 65, 22, 3),
(1807, 65, 23, 3),
(1808, 65, 24, 1),
(1809, 65, 25, 3),
(1810, 65, 26, 3),
(1811, 65, 27, 2),
(1812, 66, 1, 4),
(1813, 66, 2, 3),
(1814, 66, 3, 1),
(1815, 66, 4, 4),
(1816, 66, 5, 3),
(1817, 66, 6, 4),
(1818, 66, 7, 3),
(1819, 66, 8, 3),
(1820, 66, 9, 3),
(1821, 66, 10, 3),
(1822, 66, 11, 3),
(1823, 66, 12, 3),
(1824, 66, 13, 3),
(1825, 66, 14, 3),
(1826, 66, 15, 3),
(1827, 66, 16, 3),
(1828, 66, 17, 3),
(1829, 66, 18, 2),
(1830, 66, 19, 3),
(1831, 66, 20, 3),
(1832, 66, 21, 2),
(1833, 66, 22, 3),
(1834, 66, 23, 2),
(1835, 66, 24, 3),
(1836, 66, 25, 2),
(1837, 66, 26, 2),
(1838, 66, 27, 3),
(1839, 67, 1, 3),
(1840, 67, 2, 4),
(1841, 67, 3, 3),
(1842, 67, 4, 4),
(1843, 67, 5, 4),
(1844, 67, 6, 4),
(1845, 67, 7, 3),
(1846, 67, 8, 4),
(1847, 67, 9, 4),
(1848, 67, 10, 3),
(1849, 67, 11, 3),
(1850, 67, 12, 3),
(1851, 67, 13, 4),
(1852, 67, 14, 4),
(1853, 67, 15, 3),
(1854, 67, 16, 4),
(1855, 67, 17, 4),
(1856, 67, 18, 3),
(1857, 67, 19, 4),
(1858, 67, 20, 3),
(1859, 67, 21, 4),
(1860, 67, 22, 3),
(1861, 67, 23, 4),
(1862, 67, 24, 2),
(1863, 67, 25, 4),
(1864, 67, 26, 4),
(1865, 67, 27, 4),
(1866, 68, 1, 4),
(1867, 68, 2, 4),
(1868, 68, 3, 2),
(1869, 68, 4, 4),
(1870, 68, 5, 3),
(1871, 68, 6, 1),
(1872, 68, 7, 4),
(1873, 68, 8, 3),
(1874, 68, 9, 4),
(1875, 68, 10, 3),
(1876, 68, 11, 4),
(1877, 68, 12, 3),
(1878, 68, 13, 4),
(1879, 68, 14, 3),
(1880, 68, 15, 2),
(1881, 68, 16, 4),
(1882, 68, 17, 4),
(1883, 68, 18, 1),
(1884, 68, 19, 4),
(1885, 68, 20, 4),
(1886, 68, 21, 3),
(1887, 68, 22, 1),
(1888, 68, 23, 2),
(1889, 68, 24, 2),
(1890, 68, 25, 3),
(1891, 68, 26, 1),
(1892, 68, 27, 4),
(1893, 69, 1, 4),
(1894, 69, 2, 4),
(1895, 69, 3, 2),
(1896, 69, 4, 4),
(1897, 69, 5, 3),
(1898, 69, 6, 1),
(1899, 69, 7, 4),
(1900, 69, 8, 3),
(1901, 69, 9, 4),
(1902, 69, 10, 3),
(1903, 69, 11, 4),
(1904, 69, 12, 3),
(1905, 69, 13, 4),
(1906, 69, 14, 3),
(1907, 69, 15, 2),
(1908, 69, 16, 4),
(1909, 69, 17, 4),
(1910, 69, 18, 1),
(1911, 69, 19, 4),
(1912, 69, 20, 4),
(1913, 69, 21, 3),
(1914, 69, 22, 1),
(1915, 69, 23, 2),
(1916, 69, 24, 2),
(1917, 69, 25, 3),
(1918, 69, 26, 1),
(1919, 69, 27, 4),
(1920, 70, 1, 3),
(1921, 70, 2, 4),
(1922, 70, 3, 2),
(1923, 70, 4, 3),
(1924, 70, 5, 3),
(1925, 70, 6, 4),
(1926, 70, 7, 3),
(1927, 70, 8, 3),
(1928, 70, 9, 4),
(1929, 70, 10, 3),
(1930, 70, 11, 4),
(1931, 70, 12, 4),
(1932, 70, 13, 4),
(1933, 70, 14, 3),
(1934, 70, 15, 3),
(1935, 70, 16, 3),
(1936, 70, 17, 2),
(1937, 70, 18, 4),
(1938, 70, 19, 2),
(1939, 70, 20, 4),
(1940, 70, 21, 2),
(1941, 70, 22, 3),
(1942, 70, 23, 2),
(1943, 70, 24, 2),
(1944, 70, 25, 2),
(1945, 70, 26, 3),
(1946, 70, 27, 1),
(1947, 71, 1, 4),
(1948, 71, 2, 4),
(1949, 71, 3, 1),
(1950, 71, 4, 4),
(1951, 71, 5, 4),
(1952, 71, 6, 1),
(1953, 71, 7, 4),
(1954, 71, 8, 3),
(1955, 71, 9, 2),
(1956, 71, 10, 3),
(1957, 71, 11, 4),
(1958, 71, 12, 4),
(1959, 71, 13, 4),
(1960, 71, 14, 3),
(1961, 71, 15, 4),
(1962, 71, 16, 4),
(1963, 71, 17, 1),
(1964, 71, 18, 1),
(1965, 71, 19, 4),
(1966, 71, 20, 4),
(1967, 71, 21, 2),
(1968, 71, 22, 4),
(1969, 71, 23, 3),
(1970, 71, 24, 1),
(1971, 71, 25, 2),
(1972, 71, 26, 2),
(1973, 71, 27, 4),
(1974, 72, 1, 4),
(1975, 72, 2, 4),
(1976, 72, 3, 1),
(1977, 72, 4, 4),
(1978, 72, 5, 4),
(1979, 72, 6, 4),
(1980, 72, 7, 4),
(1981, 72, 8, 4),
(1982, 72, 9, 4),
(1983, 72, 10, 4),
(1984, 72, 11, 4),
(1985, 72, 12, 4),
(1986, 72, 13, 4),
(1987, 72, 14, 1),
(1988, 72, 15, 4),
(1989, 72, 16, 4),
(1990, 72, 17, 4),
(1991, 72, 18, 4),
(1992, 72, 19, 4),
(1993, 72, 20, 4),
(1994, 72, 21, 3),
(1995, 72, 22, 3),
(1996, 72, 23, 3),
(1997, 72, 24, 1),
(1998, 72, 25, 2),
(1999, 72, 26, 4),
(2000, 72, 27, 4),
(2001, 73, 1, 4),
(2002, 73, 2, 4),
(2003, 73, 3, 1),
(2004, 73, 4, 4),
(2005, 73, 5, 4),
(2006, 73, 6, 4),
(2007, 73, 7, 4),
(2008, 73, 8, 4),
(2009, 73, 9, 3),
(2010, 73, 10, 4),
(2011, 73, 11, 4),
(2012, 73, 12, 4),
(2013, 73, 13, 4),
(2014, 73, 14, 2),
(2015, 73, 15, 4),
(2016, 73, 16, 4),
(2017, 73, 17, 4),
(2018, 73, 18, 4),
(2019, 73, 19, 4),
(2020, 73, 20, 4),
(2021, 73, 21, 3),
(2022, 73, 22, 4),
(2023, 73, 23, 3),
(2024, 73, 24, 2),
(2025, 73, 25, 2),
(2026, 73, 26, 3),
(2027, 73, 27, 4),
(2028, 74, 1, 3),
(2029, 74, 2, 4),
(2030, 74, 3, 2),
(2031, 74, 4, 4),
(2032, 74, 5, 4),
(2033, 74, 6, 2),
(2034, 74, 7, 4),
(2035, 74, 8, 3),
(2036, 74, 9, 2),
(2037, 74, 10, 1),
(2038, 74, 11, 4),
(2039, 74, 12, 3),
(2040, 74, 13, 4),
(2041, 74, 14, 4),
(2042, 74, 15, 3),
(2043, 74, 16, 2),
(2044, 74, 17, 1),
(2045, 74, 18, 2),
(2046, 74, 19, 4),
(2047, 74, 20, 3),
(2048, 74, 21, 2),
(2049, 74, 22, 4),
(2050, 74, 23, 4),
(2051, 74, 24, 1),
(2052, 74, 25, 4),
(2053, 74, 26, 2),
(2054, 74, 27, 2),
(2055, 75, 1, 4),
(2056, 75, 2, 4),
(2057, 75, 3, 2),
(2058, 75, 4, 4),
(2059, 75, 5, 4),
(2060, 75, 6, 3),
(2061, 75, 7, 4),
(2062, 75, 8, 3),
(2063, 75, 9, 3),
(2064, 75, 10, 3),
(2065, 75, 11, 4),
(2066, 75, 12, 4),
(2067, 75, 13, 4),
(2068, 75, 14, 3),
(2069, 75, 15, 4),
(2070, 75, 16, 3),
(2071, 75, 17, 2),
(2072, 75, 18, 3),
(2073, 75, 19, 3),
(2074, 75, 20, 3),
(2075, 75, 21, 1),
(2076, 75, 22, 3),
(2077, 75, 23, 1),
(2078, 75, 24, 1),
(2079, 75, 25, 3),
(2080, 75, 26, 2),
(2081, 75, 27, 1),
(2082, 76, 1, 4),
(2083, 76, 2, 4),
(2084, 76, 3, 2),
(2085, 76, 4, 4),
(2086, 76, 5, 4),
(2087, 76, 6, 4),
(2088, 76, 7, 4),
(2089, 76, 8, 4),
(2090, 76, 9, 4),
(2091, 76, 10, 3),
(2092, 76, 11, 4),
(2093, 76, 12, 4),
(2094, 76, 13, 4),
(2095, 76, 14, 3),
(2096, 76, 15, 4),
(2097, 76, 16, 3),
(2098, 76, 17, 4),
(2099, 76, 18, 4),
(2100, 76, 19, 4),
(2101, 76, 20, 4),
(2102, 76, 21, 3),
(2103, 76, 22, 4),
(2104, 76, 23, 4),
(2105, 76, 24, 1),
(2106, 76, 25, 4),
(2107, 76, 26, 4),
(2108, 76, 27, 4),
(2109, 77, 1, 4),
(2110, 77, 2, 2),
(2111, 77, 3, 4),
(2112, 77, 4, 4),
(2113, 77, 5, 4),
(2114, 77, 6, 4),
(2115, 77, 7, 3),
(2116, 77, 8, 3),
(2117, 77, 9, 3),
(2118, 77, 10, 2),
(2119, 77, 11, 3),
(2120, 77, 12, 3),
(2121, 77, 13, 3),
(2122, 77, 14, 2),
(2123, 77, 15, 4),
(2124, 77, 16, 3),
(2125, 77, 17, 4),
(2126, 77, 18, 3),
(2127, 77, 19, 4),
(2128, 77, 20, 3),
(2129, 77, 21, 4),
(2130, 77, 22, 3),
(2131, 77, 23, 4),
(2132, 77, 24, 3),
(2133, 77, 25, 4),
(2134, 77, 26, 3),
(2135, 77, 27, 4),
(2136, 78, 1, 3),
(2137, 78, 2, 4),
(2138, 78, 3, 1),
(2139, 78, 4, 3),
(2140, 78, 5, 4),
(2141, 78, 6, 3),
(2142, 78, 7, 4),
(2143, 78, 8, 3),
(2144, 78, 9, 2),
(2145, 78, 10, 4),
(2146, 78, 11, 4),
(2147, 78, 12, 3),
(2148, 78, 13, 4),
(2149, 78, 14, 4),
(2150, 78, 15, 2),
(2151, 78, 16, 2),
(2152, 78, 17, 4),
(2153, 78, 18, 3),
(2154, 78, 19, 4),
(2155, 78, 20, 4),
(2156, 78, 21, 4),
(2157, 78, 22, 3),
(2158, 78, 23, 2),
(2159, 78, 24, 1),
(2160, 78, 25, 4),
(2161, 78, 26, 1),
(2162, 78, 27, 4),
(2163, 79, 1, 3),
(2164, 79, 2, 4),
(2165, 79, 3, 4),
(2166, 79, 4, 3),
(2167, 79, 5, 3),
(2168, 79, 6, 4),
(2169, 79, 7, 3),
(2170, 79, 8, 3),
(2171, 79, 9, 4),
(2172, 79, 10, 3),
(2173, 79, 11, 3),
(2174, 79, 12, 4),
(2175, 79, 13, 4),
(2176, 79, 14, 3),
(2177, 79, 15, 3),
(2178, 79, 16, 3),
(2179, 79, 17, 4),
(2180, 79, 18, 3),
(2181, 79, 19, 4),
(2182, 79, 20, 3),
(2183, 79, 21, 3),
(2184, 79, 22, 4),
(2185, 79, 23, 3),
(2186, 79, 24, 3),
(2187, 79, 25, 3),
(2188, 79, 26, 3),
(2189, 79, 27, 4),
(2190, 80, 1, 3),
(2191, 80, 2, 4),
(2192, 80, 3, 1),
(2193, 80, 4, 4),
(2194, 80, 5, 4),
(2195, 80, 6, 1),
(2196, 80, 7, 3),
(2197, 80, 8, 3),
(2198, 80, 9, 3),
(2199, 80, 10, 4),
(2200, 80, 11, 4),
(2201, 80, 12, 3),
(2202, 80, 13, 4),
(2203, 80, 14, 3),
(2204, 80, 15, 2),
(2205, 80, 16, 4),
(2206, 80, 17, 2),
(2207, 80, 18, 2),
(2208, 80, 19, 3),
(2209, 80, 20, 3),
(2210, 80, 21, 3),
(2211, 80, 22, 1),
(2212, 80, 23, 2),
(2213, 80, 24, 1),
(2214, 80, 25, 3),
(2215, 80, 26, 3),
(2216, 80, 27, 3),
(2217, 81, 1, 3),
(2218, 81, 2, 3),
(2219, 81, 3, 2),
(2220, 81, 4, 3),
(2221, 81, 5, 4),
(2222, 81, 6, 4),
(2223, 81, 7, 3),
(2224, 81, 8, 4),
(2225, 81, 9, 3),
(2226, 81, 10, 4),
(2227, 81, 11, 3),
(2228, 81, 12, 4),
(2229, 81, 13, 4),
(2230, 81, 14, 2),
(2231, 81, 15, 4),
(2232, 81, 16, 3),
(2233, 81, 17, 4),
(2234, 81, 18, 3),
(2235, 81, 19, 4),
(2236, 81, 20, 3),
(2237, 81, 21, 4),
(2238, 81, 22, 3),
(2239, 81, 23, 3),
(2240, 81, 24, 3),
(2241, 81, 25, 4),
(2242, 81, 26, 3),
(2243, 81, 27, 3),
(2244, 82, 1, 4),
(2245, 82, 2, 3),
(2246, 82, 3, 1),
(2247, 82, 4, 4),
(2248, 82, 5, 4),
(2249, 82, 6, 4),
(2250, 82, 7, 4),
(2251, 82, 8, 4),
(2252, 82, 9, 3),
(2253, 82, 10, 4),
(2254, 82, 11, 3),
(2255, 82, 12, 3),
(2256, 82, 13, 4),
(2257, 82, 14, 4),
(2258, 82, 15, 3),
(2259, 82, 16, 3),
(2260, 82, 17, 4),
(2261, 82, 18, 4),
(2262, 82, 19, 3),
(2263, 82, 20, 3),
(2264, 82, 21, 3),
(2265, 82, 22, 3),
(2266, 82, 23, 3),
(2267, 82, 24, 1),
(2268, 82, 25, 1),
(2269, 82, 26, 4),
(2270, 82, 27, 4),
(2271, 83, 1, 3),
(2272, 83, 2, 4),
(2273, 83, 3, 1),
(2274, 83, 4, 4),
(2275, 83, 5, 4),
(2276, 83, 6, 3),
(2277, 83, 7, 2),
(2278, 83, 8, 4),
(2279, 83, 9, 3),
(2280, 83, 10, 2),
(2281, 83, 11, 3),
(2282, 83, 12, 3),
(2283, 83, 13, 4),
(2284, 83, 14, 1),
(2285, 83, 15, 2),
(2286, 83, 16, 3),
(2287, 83, 17, 2),
(2288, 83, 18, 3),
(2289, 83, 19, 4),
(2290, 83, 20, 3),
(2291, 83, 21, 3),
(2292, 83, 22, 2),
(2293, 83, 23, 2),
(2294, 83, 24, 1),
(2295, 83, 25, 3),
(2296, 83, 26, 1),
(2297, 83, 27, 2),
(2298, 84, 1, 2),
(2299, 84, 2, 4),
(2300, 84, 3, 4),
(2301, 84, 4, 4),
(2302, 84, 5, 3),
(2303, 84, 6, 4),
(2304, 84, 7, 4),
(2305, 84, 8, 3),
(2306, 84, 9, 3),
(2307, 84, 10, 3),
(2308, 84, 11, 4),
(2309, 84, 12, 3),
(2310, 84, 13, 4),
(2311, 84, 14, 4),
(2312, 84, 15, 3),
(2313, 84, 16, 4),
(2314, 84, 17, 1),
(2315, 84, 18, 4),
(2316, 84, 19, 4),
(2317, 84, 20, 3),
(2318, 84, 21, 1),
(2319, 84, 22, 4),
(2320, 84, 23, 4),
(2321, 84, 24, 1),
(2322, 84, 25, 2),
(2323, 84, 26, 1),
(2324, 84, 27, 1),
(2325, 85, 1, 4),
(2326, 85, 2, 3),
(2327, 85, 3, 3),
(2328, 85, 4, 4),
(2329, 85, 5, 4),
(2330, 85, 6, 3),
(2331, 85, 7, 4),
(2332, 85, 8, 4),
(2333, 85, 9, 3),
(2334, 85, 10, 4),
(2335, 85, 11, 3),
(2336, 85, 12, 3),
(2337, 85, 13, 3),
(2338, 85, 14, 3),
(2339, 85, 15, 3),
(2340, 85, 16, 2),
(2341, 85, 17, 2),
(2342, 85, 18, 2),
(2343, 85, 19, 2),
(2344, 85, 20, 2),
(2345, 85, 21, 2),
(2346, 85, 22, 4),
(2347, 85, 23, 4),
(2348, 85, 24, 2),
(2349, 85, 25, 4),
(2350, 85, 26, 2),
(2351, 85, 27, 2),
(2352, 86, 1, 4),
(2353, 86, 2, 3),
(2354, 86, 3, 3),
(2355, 86, 4, 4),
(2356, 86, 5, 4),
(2357, 86, 6, 3),
(2358, 86, 7, 3),
(2359, 86, 8, 4),
(2360, 86, 9, 3),
(2361, 86, 10, 1),
(2362, 86, 11, 3),
(2363, 86, 12, 3),
(2364, 86, 13, 3),
(2365, 86, 14, 2),
(2366, 86, 15, 4),
(2367, 86, 16, 4),
(2368, 86, 17, 3),
(2369, 86, 18, 2),
(2370, 86, 19, 4),
(2371, 86, 20, 4),
(2372, 86, 21, 1),
(2373, 86, 22, 4),
(2374, 86, 23, 4),
(2375, 86, 24, 1),
(2376, 86, 25, 3),
(2377, 86, 26, 3),
(2378, 86, 27, 2),
(2379, 87, 1, 3),
(2380, 87, 2, 4),
(2381, 87, 3, 4),
(2382, 87, 4, 4),
(2383, 87, 5, 4),
(2384, 87, 6, 4),
(2385, 87, 7, 4),
(2386, 87, 8, 4),
(2387, 87, 9, 3),
(2388, 87, 10, 3),
(2389, 87, 11, 4),
(2390, 87, 12, 4),
(2391, 87, 13, 4),
(2392, 87, 14, 3),
(2393, 87, 15, 4),
(2394, 87, 16, 4),
(2395, 87, 17, 3),
(2396, 87, 18, 3),
(2397, 87, 19, 4),
(2398, 87, 20, 3),
(2399, 87, 21, 2),
(2400, 87, 22, 4),
(2401, 87, 23, 4),
(2402, 87, 24, 1),
(2403, 87, 25, 4),
(2404, 87, 26, 2),
(2405, 87, 27, 1),
(2406, 88, 1, 3),
(2407, 88, 2, 4),
(2408, 88, 3, 4),
(2409, 88, 4, 4),
(2410, 88, 5, 4),
(2411, 88, 6, 4),
(2412, 88, 7, 4),
(2413, 88, 8, 4),
(2414, 88, 9, 3),
(2415, 88, 10, 4),
(2416, 88, 11, 3),
(2417, 88, 12, 4),
(2418, 88, 13, 4),
(2419, 88, 14, 3),
(2420, 88, 15, 4),
(2421, 88, 16, 3),
(2422, 88, 17, 2),
(2423, 88, 18, 1),
(2424, 88, 19, 4),
(2425, 88, 20, 3),
(2426, 88, 21, 2),
(2427, 88, 22, 4),
(2428, 88, 23, 4),
(2429, 88, 24, 2),
(2430, 88, 25, 4),
(2431, 88, 26, 1),
(2432, 88, 27, 1),
(2433, 89, 1, 3),
(2434, 89, 2, 4),
(2435, 89, 3, 2),
(2436, 89, 4, 3),
(2437, 89, 5, 3),
(2438, 89, 6, 4),
(2439, 89, 7, 3),
(2440, 89, 8, 3),
(2441, 89, 9, 3),
(2442, 89, 10, 1),
(2443, 89, 11, 4),
(2444, 89, 12, 3),
(2445, 89, 13, 3),
(2446, 89, 14, 2),
(2447, 89, 15, 3),
(2448, 89, 16, 3),
(2449, 89, 17, 2),
(2450, 89, 18, 3),
(2451, 89, 19, 3),
(2452, 89, 20, 3),
(2453, 89, 21, 4),
(2454, 89, 22, 3),
(2455, 89, 23, 2),
(2456, 89, 24, 1),
(2457, 89, 25, 2),
(2458, 89, 26, 2),
(2459, 89, 27, 3),
(2460, 90, 1, 4),
(2461, 90, 2, 3),
(2462, 90, 3, 4),
(2463, 90, 4, 4),
(2464, 90, 5, 4),
(2465, 90, 6, 4),
(2466, 90, 7, 4),
(2467, 90, 8, 3),
(2468, 90, 9, 3),
(2469, 90, 10, 3),
(2470, 90, 11, 3),
(2471, 90, 12, 3),
(2472, 90, 13, 3),
(2473, 90, 14, 4),
(2474, 90, 15, 2),
(2475, 90, 16, 4),
(2476, 90, 17, 4),
(2477, 90, 18, 3),
(2478, 90, 19, 2),
(2479, 90, 20, 2),
(2480, 90, 21, 2),
(2481, 90, 22, 3),
(2482, 90, 23, 4),
(2483, 90, 24, 4),
(2484, 90, 25, 4),
(2485, 90, 26, 4),
(2486, 90, 27, 4),
(2487, 91, 1, 3),
(2488, 91, 2, 1),
(2489, 91, 3, 2),
(2490, 91, 4, 4),
(2491, 91, 5, 3),
(2492, 91, 6, 2),
(2493, 91, 7, 4),
(2494, 91, 8, 3),
(2495, 91, 9, 4),
(2496, 91, 10, 2),
(2497, 91, 11, 3),
(2498, 91, 12, 3),
(2499, 91, 13, 3),
(2500, 91, 14, 3),
(2501, 91, 15, 3),
(2502, 91, 16, 3),
(2503, 91, 17, 4),
(2504, 91, 18, 3),
(2505, 91, 19, 4),
(2506, 91, 20, 3),
(2507, 91, 21, 3),
(2508, 91, 22, 3),
(2509, 91, 23, 3),
(2510, 91, 24, 4),
(2511, 91, 25, 4),
(2512, 91, 26, 4),
(2513, 91, 27, 4),
(2514, 92, 1, 3),
(2515, 92, 2, 3),
(2516, 92, 3, 2),
(2517, 92, 4, 4),
(2518, 92, 5, 4),
(2519, 92, 6, 4),
(2520, 92, 7, 3),
(2521, 92, 8, 3),
(2522, 92, 9, 2),
(2523, 92, 10, 3),
(2524, 92, 11, 3),
(2525, 92, 12, 3),
(2526, 92, 13, 3),
(2527, 92, 14, 2),
(2528, 92, 15, 3),
(2529, 92, 16, 2),
(2530, 92, 17, 3),
(2531, 92, 18, 4),
(2532, 92, 19, 3),
(2533, 92, 20, 3),
(2534, 92, 21, 4),
(2535, 92, 22, 3),
(2536, 92, 23, 3),
(2537, 92, 24, 4),
(2538, 92, 25, 3),
(2539, 92, 26, 3),
(2540, 92, 27, 4),
(2541, 93, 1, 4),
(2542, 93, 2, 3),
(2543, 93, 3, 3),
(2544, 93, 4, 4),
(2545, 93, 5, 4),
(2546, 93, 6, 3),
(2547, 93, 7, 4),
(2548, 93, 8, 3),
(2549, 93, 9, 4),
(2550, 93, 10, 3),
(2551, 93, 11, 3),
(2552, 93, 12, 3),
(2553, 93, 13, 4),
(2554, 93, 14, 4),
(2555, 93, 15, 3),
(2556, 93, 16, 4),
(2557, 93, 17, 3),
(2558, 93, 18, 4),
(2559, 93, 19, 3),
(2560, 93, 20, 3),
(2561, 93, 21, 2),
(2562, 93, 22, 2),
(2563, 93, 23, 3),
(2564, 93, 24, 1),
(2565, 93, 25, 3),
(2566, 93, 26, 1),
(2567, 93, 27, 4),
(2568, 94, 1, 4),
(2569, 94, 2, 2),
(2570, 94, 3, 1),
(2571, 94, 4, 4),
(2572, 94, 5, 4),
(2573, 94, 6, 3),
(2574, 94, 7, 4),
(2575, 94, 8, 4),
(2576, 94, 9, 3),
(2577, 94, 10, 4),
(2578, 94, 11, 3),
(2579, 94, 12, 2),
(2580, 94, 13, 4),
(2581, 94, 14, 3),
(2582, 94, 15, 4),
(2583, 94, 16, 4),
(2584, 94, 17, 3),
(2585, 94, 18, 4),
(2586, 94, 19, 4),
(2587, 94, 20, 3),
(2588, 94, 21, 4),
(2589, 94, 22, 4),
(2590, 94, 23, 2),
(2591, 94, 24, 2),
(2592, 94, 25, 3),
(2593, 94, 26, 3),
(2594, 94, 27, 3);

-- --------------------------------------------------------

--
-- Struktur dari tabel `detail_hasil`
--

CREATE TABLE `detail_hasil` (
  `id_detail_hasil` int(11) NOT NULL,
  `id_hasil` int(11) NOT NULL,
  `id_pernyataan` int(11) NOT NULL,
  `nilai` int(11) NOT NULL
) ENGINE=InnoDB DEFAULT CHARSET=latin1;

--
-- Dumping data untuk tabel `detail_hasil`
--

INSERT INTO `detail_hasil` (`id_detail_hasil`, `id_hasil`, `id_pernyataan`, `nilai`) VALUES
(27, 35, 1, 1),
(28, 35, 2, 1),
(29, 35, 3, 1),
(30, 35, 1, 1),
(31, 35, 2, 1),
(32, 35, 3, 1),
(33, 35, 1, 1),
(34, 35, 2, 1),
(35, 35, 3, 1),
(36, 35, 1, 1),
(37, 35, 2, 1),
(38, 35, 3, 1),
(39, 35, 1, 1),
(40, 35, 2, 1),
(41, 35, 3, 1),
(42, 35, 1, 1),
(43, 35, 2, 1),
(44, 35, 3, 1),
(45, 36, 1, 1),
(46, 36, 2, 1),
(47, 36, 3, 1),
(48, 36, 1, 1),
(49, 36, 2, 1),
(50, 36, 3, 1),
(51, 38, 1, 1),
(52, 38, 2, 1),
(53, 38, 3, 1),
(54, 38, 1, 1),
(55, 38, 2, 1),
(56, 38, 3, 1),
(57, 38, 1, 1),
(58, 38, 2, 1),
(59, 38, 3, 1),
(60, 39, 1, 1),
(61, 39, 2, 1),
(62, 39, 3, 1),
(63, 39, 1, 1),
(64, 39, 2, 1),
(65, 39, 3, 1),
(66, 39, 1, 1),
(67, 39, 2, 1),
(68, 39, 3, 1),
(69, 39, 1, 1),
(70, 39, 2, 1),
(71, 39, 3, 1),
(72, 39, 1, 1),
(73, 39, 2, 1),
(74, 39, 3, 1),
(75, 39, 1, 1),
(76, 39, 2, 1),
(77, 39, 3, 1),
(78, 39, 1, 1),
(79, 39, 2, 1),
(80, 39, 3, 1),
(81, 40, 1, 1),
(82, 40, 2, 1),
(83, 40, 3, 1),
(84, 41, 1, 1),
(85, 41, 2, 1),
(86, 41, 3, 1),
(87, 43, 1, 4),
(88, 43, 2, 1),
(89, 43, 3, 2),
(90, 45, 1, 1),
(91, 45, 2, 1),
(92, 45, 3, 3),
(93, 48, 1, 4),
(94, 48, 2, 4),
(95, 48, 3, 4),
(96, 48, 1, 4),
(97, 48, 2, 4),
(98, 48, 3, 4),
(99, 48, 1, 4),
(100, 48, 2, 4),
(101, 48, 3, 4),
(102, 48, 1, 4),
(103, 48, 2, 4),
(104, 48, 3, 4),
(105, 48, 4, 4),
(106, 48, 5, 4),
(107, 48, 6, 3),
(108, 48, 7, 2),
(109, 48, 8, 1),
(110, 48, 9, 4),
(111, 48, 10, 3),
(112, 48, 1, 4),
(113, 48, 2, 4),
(114, 48, 3, 4),
(115, 48, 4, 4),
(116, 48, 5, 4),
(117, 48, 6, 3),
(118, 48, 7, 2),
(119, 48, 8, 1),
(120, 48, 9, 4),
(121, 48, 10, 3),
(122, 50, 1, 4),
(123, 50, 2, 3),
(124, 50, 3, 2),
(125, 50, 4, 1),
(126, 50, 5, 4),
(127, 50, 6, 3),
(128, 50, 7, 2),
(129, 50, 8, 1),
(130, 50, 9, 4),
(131, 50, 10, 3),
(132, 55, 1, 4),
(133, 55, 2, 3),
(134, 55, 3, 2),
(135, 55, 4, 3),
(136, 55, 5, 4),
(137, 55, 6, 2),
(138, 55, 7, 3),
(139, 55, 8, 4),
(140, 55, 9, 3),
(141, 55, 10, 1),
(142, 55, 11, 3),
(143, 55, 12, 4),
(144, 55, 13, 3),
(145, 55, 14, 4),
(146, 55, 15, 1),
(147, 55, 16, 2),
(148, 55, 17, 3),
(149, 55, 18, 4),
(150, 55, 19, 3),
(151, 55, 20, 3),
(152, 55, 21, 2),
(153, 56, 1, 4),
(154, 56, 2, 3),
(155, 56, 3, 2),
(156, 56, 4, 3),
(157, 56, 5, 4),
(158, 56, 6, 2),
(159, 56, 7, 3),
(160, 56, 8, 4),
(161, 56, 9, 3),
(162, 56, 10, 1),
(163, 56, 11, 3),
(164, 56, 12, 4),
(165, 56, 13, 3),
(166, 56, 14, 4),
(167, 56, 15, 1),
(168, 56, 16, 2),
(169, 56, 17, 3),
(170, 56, 18, 4),
(171, 56, 19, 3),
(172, 56, 20, 3),
(173, 56, 21, 2),
(174, 57, 1, 4),
(175, 57, 2, 3),
(176, 57, 3, 2),
(177, 57, 4, 3),
(178, 57, 5, 4),
(179, 57, 6, 2),
(180, 57, 7, 3),
(181, 57, 8, 4),
(182, 57, 9, 3),
(183, 57, 10, 1),
(184, 57, 11, 3),
(185, 57, 12, 4),
(186, 57, 13, 3),
(187, 57, 14, 4),
(188, 57, 15, 1),
(189, 57, 16, 2),
(190, 57, 17, 3),
(191, 57, 18, 4),
(192, 57, 19, 3),
(193, 57, 20, 3),
(194, 57, 21, 2),
(195, 58, 1, 4),
(196, 58, 2, 3),
(197, 58, 3, 2),
(198, 58, 4, 3),
(199, 58, 5, 4),
(200, 58, 6, 2),
(201, 58, 7, 3),
(202, 58, 8, 4),
(203, 58, 9, 3),
(204, 58, 10, 1),
(205, 58, 11, 3),
(206, 58, 12, 4),
(207, 58, 13, 3),
(208, 58, 14, 4),
(209, 58, 15, 1),
(210, 58, 16, 2),
(211, 58, 17, 3),
(212, 58, 18, 4),
(213, 58, 19, 3),
(214, 58, 20, 3),
(215, 58, 21, 2),
(216, 58, 1, 4),
(217, 58, 2, 3),
(218, 58, 3, 2),
(219, 58, 4, 3),
(220, 58, 5, 4),
(221, 58, 6, 2),
(222, 58, 7, 3),
(223, 58, 8, 4),
(224, 58, 9, 3),
(225, 58, 10, 1),
(226, 58, 11, 3),
(227, 58, 12, 4),
(228, 58, 13, 3),
(229, 58, 14, 4),
(230, 58, 15, 1),
(231, 58, 16, 2),
(232, 58, 17, 3),
(233, 58, 18, 4),
(234, 58, 19, 3),
(235, 58, 20, 3),
(236, 58, 21, 2),
(237, 58, 1, 4),
(238, 58, 2, 3),
(239, 58, 3, 2),
(240, 58, 4, 3),
(241, 58, 5, 4),
(242, 58, 6, 2),
(243, 58, 7, 3),
(244, 58, 8, 4),
(245, 58, 9, 3),
(246, 58, 10, 1),
(247, 58, 11, 3),
(248, 58, 12, 4),
(249, 58, 13, 3),
(250, 58, 14, 4),
(251, 58, 15, 1),
(252, 58, 16, 2),
(253, 58, 17, 3),
(254, 58, 18, 4),
(255, 58, 19, 3),
(256, 58, 20, 3),
(257, 58, 21, 2),
(258, 58, 1, 4),
(259, 58, 2, 3),
(260, 58, 3, 2),
(261, 58, 4, 3),
(262, 58, 5, 4),
(263, 58, 6, 2),
(264, 58, 7, 3),
(265, 58, 8, 4),
(266, 58, 9, 3),
(267, 58, 10, 1),
(268, 58, 11, 3),
(269, 58, 12, 4),
(270, 58, 13, 3),
(271, 58, 14, 4),
(272, 58, 15, 1),
(273, 58, 16, 2),
(274, 58, 17, 3),
(275, 58, 18, 4),
(276, 58, 19, 3),
(277, 58, 20, 3),
(278, 58, 21, 2),
(279, 59, 1, 4),
(280, 59, 2, 3),
(281, 59, 3, 2),
(282, 59, 4, 3),
(283, 59, 5, 4),
(284, 59, 6, 2),
(285, 59, 7, 3),
(286, 59, 8, 4),
(287, 59, 9, 3),
(288, 59, 10, 1),
(289, 59, 11, 3),
(290, 59, 12, 4),
(291, 59, 13, 3),
(292, 59, 14, 4),
(293, 59, 15, 1),
(294, 59, 16, 2),
(295, 59, 17, 3),
(296, 59, 18, 4),
(297, 59, 19, 3),
(298, 59, 20, 4),
(299, 59, 21, 2),
(300, 59, 22, 4),
(301, 59, 23, 3),
(302, 59, 24, 3),
(303, 59, 25, 4),
(304, 59, 26, 2),
(305, 59, 27, 2),
(306, 59, 1, 4),
(307, 59, 2, 3),
(308, 59, 3, 2),
(309, 59, 4, 3),
(310, 59, 5, 4),
(311, 59, 6, 2),
(312, 59, 7, 3),
(313, 59, 8, 4),
(314, 59, 9, 3),
(315, 59, 10, 1),
(316, 59, 11, 3),
(317, 59, 12, 4),
(318, 59, 13, 3),
(319, 59, 14, 4),
(320, 59, 15, 1),
(321, 59, 16, 2),
(322, 59, 17, 3),
(323, 59, 18, 4),
(324, 59, 19, 3),
(325, 59, 20, 4),
(326, 59, 21, 2),
(327, 59, 22, 4),
(328, 59, 23, 3),
(329, 59, 24, 3),
(330, 59, 25, 4),
(331, 59, 26, 2),
(332, 59, 27, 2),
(333, 59, 1, 4),
(334, 59, 2, 3),
(335, 59, 3, 2),
(336, 59, 4, 3),
(337, 59, 5, 4),
(338, 59, 6, 2),
(339, 59, 7, 3),
(340, 59, 8, 4),
(341, 59, 9, 3),
(342, 59, 10, 1),
(343, 59, 11, 3),
(344, 59, 12, 4),
(345, 59, 13, 3),
(346, 59, 14, 4),
(347, 59, 15, 1),
(348, 59, 16, 2),
(349, 59, 17, 3),
(350, 59, 18, 4),
(351, 59, 19, 3),
(352, 59, 20, 4),
(353, 59, 21, 2),
(354, 59, 22, 4),
(355, 59, 23, 3),
(356, 59, 24, 3),
(357, 59, 25, 4),
(358, 59, 26, 2),
(359, 59, 27, 2),
(360, 59, 1, 4),
(361, 59, 2, 3),
(362, 59, 3, 2),
(363, 59, 4, 3),
(364, 59, 5, 4),
(365, 59, 6, 2),
(366, 59, 7, 3),
(367, 59, 8, 4),
(368, 59, 9, 3),
(369, 59, 10, 1),
(370, 59, 11, 3),
(371, 59, 12, 4),
(372, 59, 13, 3),
(373, 59, 14, 4),
(374, 59, 15, 1),
(375, 59, 16, 2),
(376, 59, 17, 3),
(377, 59, 18, 4),
(378, 59, 19, 3),
(379, 59, 20, 4),
(380, 59, 21, 2),
(381, 59, 22, 4),
(382, 59, 23, 3),
(383, 59, 24, 3),
(384, 59, 25, 4),
(385, 59, 26, 2),
(386, 59, 27, 2),
(387, 59, 1, 4),
(388, 59, 2, 3),
(389, 59, 3, 2),
(390, 59, 4, 3),
(391, 59, 5, 4),
(392, 59, 6, 2),
(393, 59, 7, 3),
(394, 59, 8, 4),
(395, 59, 9, 3),
(396, 59, 10, 1),
(397, 59, 11, 3),
(398, 59, 12, 4),
(399, 59, 13, 3),
(400, 59, 14, 4),
(401, 59, 15, 1),
(402, 59, 16, 2),
(403, 59, 17, 3),
(404, 59, 18, 4),
(405, 59, 19, 3),
(406, 59, 20, 4),
(407, 59, 21, 2),
(408, 59, 22, 4),
(409, 59, 23, 3),
(410, 59, 24, 3),
(411, 59, 25, 4),
(412, 59, 26, 2),
(413, 59, 27, 2),
(414, 59, 1, 4),
(415, 59, 2, 3),
(416, 59, 3, 2),
(417, 59, 4, 3),
(418, 59, 5, 4),
(419, 59, 6, 2),
(420, 59, 7, 3),
(421, 59, 8, 4),
(422, 59, 9, 3),
(423, 59, 10, 1),
(424, 59, 11, 3),
(425, 59, 12, 4),
(426, 59, 13, 3),
(427, 59, 14, 4),
(428, 59, 15, 1),
(429, 59, 16, 2),
(430, 59, 17, 3),
(431, 59, 18, 4),
(432, 59, 19, 3),
(433, 59, 20, 4),
(434, 59, 21, 2),
(435, 59, 22, 4),
(436, 59, 23, 3),
(437, 59, 24, 3),
(438, 59, 25, 4),
(439, 59, 26, 2),
(440, 59, 27, 2),
(441, 61, 1, 4),
(442, 61, 2, 3),
(443, 61, 3, 2),
(444, 61, 4, 1),
(445, 61, 5, 1),
(446, 61, 6, 2),
(447, 61, 7, 3),
(448, 61, 8, 4),
(449, 61, 9, 4),
(450, 61, 10, 3),
(451, 61, 11, 2),
(452, 61, 12, 1),
(453, 61, 13, 4),
(454, 61, 14, 1),
(455, 61, 15, 3),
(456, 61, 16, 2),
(457, 61, 17, 3),
(458, 61, 18, 2),
(459, 61, 19, 1),
(460, 61, 20, 4),
(461, 61, 21, 4),
(462, 61, 22, 3),
(463, 61, 23, 2),
(464, 61, 24, 1),
(465, 61, 25, 1),
(466, 61, 26, 3),
(467, 61, 27, 2),
(468, 61, 1, 4),
(469, 61, 2, 3),
(470, 61, 3, 2),
(471, 61, 4, 1),
(472, 61, 5, 1),
(473, 61, 6, 2),
(474, 61, 7, 3),
(475, 61, 8, 4),
(476, 61, 9, 4),
(477, 61, 10, 3),
(478, 61, 11, 2),
(479, 61, 12, 1),
(480, 61, 13, 4),
(481, 61, 14, 1),
(482, 61, 15, 3),
(483, 61, 16, 2),
(484, 61, 17, 3),
(485, 61, 18, 2),
(486, 61, 19, 1),
(487, 61, 20, 4),
(488, 61, 21, 4),
(489, 61, 22, 3),
(490, 61, 23, 2),
(491, 61, 24, 1),
(492, 61, 25, 1),
(493, 61, 26, 3),
(494, 61, 27, 2),
(495, 61, 1, 4),
(496, 61, 2, 3),
(497, 61, 3, 2),
(498, 61, 4, 1),
(499, 61, 5, 1),
(500, 61, 6, 2),
(501, 61, 7, 3),
(502, 61, 8, 4),
(503, 61, 9, 4),
(504, 61, 10, 3),
(505, 61, 11, 2),
(506, 61, 12, 1),
(507, 61, 13, 4),
(508, 61, 14, 1),
(509, 61, 15, 3),
(510, 61, 16, 2),
(511, 61, 17, 3),
(512, 61, 18, 2),
(513, 61, 19, 1),
(514, 61, 20, 4),
(515, 61, 21, 4),
(516, 61, 22, 3),
(517, 61, 23, 2),
(518, 61, 24, 1),
(519, 61, 25, 1),
(520, 61, 26, 3),
(521, 61, 27, 2),
(522, 61, 1, 4),
(523, 61, 2, 3),
(524, 61, 3, 2),
(525, 61, 4, 1),
(526, 61, 5, 1),
(527, 61, 6, 2),
(528, 61, 7, 3),
(529, 61, 8, 4),
(530, 61, 9, 4),
(531, 61, 10, 3),
(532, 61, 11, 2),
(533, 61, 12, 1),
(534, 61, 13, 4),
(535, 61, 14, 1),
(536, 61, 15, 3),
(537, 61, 16, 2),
(538, 61, 17, 3),
(539, 61, 18, 2),
(540, 61, 19, 1),
(541, 61, 20, 4),
(542, 61, 21, 4),
(543, 61, 22, 3),
(544, 61, 23, 2),
(545, 61, 24, 1),
(546, 61, 25, 1),
(547, 61, 26, 3),
(548, 61, 27, 2),
(549, 63, 1, 3),
(550, 63, 2, 2),
(551, 63, 3, 4),
(552, 63, 4, 2),
(553, 63, 5, 3),
(554, 63, 6, 4),
(555, 63, 7, 3),
(556, 63, 8, 2),
(557, 63, 9, 1),
(558, 63, 10, 2),
(559, 63, 11, 3),
(560, 63, 12, 4),
(561, 63, 13, 3),
(562, 63, 14, 2),
(563, 63, 15, 1),
(564, 63, 16, 2),
(565, 63, 17, 3),
(566, 63, 18, 4),
(567, 63, 19, 3),
(568, 63, 20, 2),
(569, 63, 21, 1),
(570, 63, 22, 2),
(571, 63, 23, 3),
(572, 63, 24, 4),
(573, 63, 25, 4),
(574, 63, 26, 3),
(575, 63, 27, 2),
(576, 65, 1, 2),
(577, 65, 2, 3),
(578, 65, 3, 4),
(579, 65, 4, 3),
(580, 65, 5, 4),
(581, 65, 6, 2),
(582, 65, 7, 2),
(583, 65, 8, 4),
(584, 65, 9, 2),
(585, 65, 10, 2),
(586, 65, 11, 3),
(587, 65, 12, 4),
(588, 65, 13, 3),
(589, 65, 14, 2),
(590, 65, 15, 4),
(591, 65, 16, 2),
(592, 65, 17, 3),
(593, 65, 18, 4),
(594, 65, 19, 3),
(595, 65, 20, 2),
(596, 65, 21, 4),
(597, 65, 22, 2),
(598, 65, 23, 3),
(599, 65, 24, 4),
(600, 65, 25, 3),
(601, 65, 26, 4),
(602, 65, 27, 4),
(603, 65, 1, 2),
(604, 65, 2, 3),
(605, 65, 3, 4),
(606, 65, 4, 3),
(607, 65, 5, 4),
(608, 65, 6, 2),
(609, 65, 7, 2),
(610, 65, 8, 4),
(611, 65, 9, 2),
(612, 65, 10, 2),
(613, 65, 11, 3),
(614, 65, 12, 4),
(615, 65, 13, 3),
(616, 65, 14, 2),
(617, 65, 15, 4),
(618, 65, 16, 2),
(619, 65, 17, 3),
(620, 65, 18, 4),
(621, 65, 19, 3),
(622, 65, 20, 2),
(623, 65, 21, 4),
(624, 65, 22, 2),
(625, 65, 23, 3),
(626, 65, 24, 4),
(627, 65, 25, 3),
(628, 65, 26, 4),
(629, 65, 27, 4),
(630, 65, 1, 2),
(631, 65, 2, 3),
(632, 65, 3, 4),
(633, 65, 4, 3),
(634, 65, 5, 4),
(635, 65, 6, 2),
(636, 65, 7, 2),
(637, 65, 8, 4),
(638, 65, 9, 2),
(639, 65, 10, 2),
(640, 65, 11, 3),
(641, 65, 12, 4),
(642, 65, 13, 3),
(643, 65, 14, 2),
(644, 65, 15, 4),
(645, 65, 16, 2),
(646, 65, 17, 3),
(647, 65, 18, 4),
(648, 65, 19, 3),
(649, 65, 20, 2),
(650, 65, 21, 4),
(651, 65, 22, 2),
(652, 65, 23, 3),
(653, 65, 24, 4),
(654, 65, 25, 3),
(655, 65, 26, 4),
(656, 65, 27, 4),
(657, 65, 1, 2),
(658, 65, 2, 3),
(659, 65, 3, 4),
(660, 65, 4, 3),
(661, 65, 5, 4),
(662, 65, 6, 2),
(663, 65, 7, 2),
(664, 65, 8, 4),
(665, 65, 9, 2),
(666, 65, 10, 2),
(667, 65, 11, 3),
(668, 65, 12, 4),
(669, 65, 13, 3),
(670, 65, 14, 2),
(671, 65, 15, 4),
(672, 65, 16, 2),
(673, 65, 17, 3),
(674, 65, 18, 4),
(675, 65, 19, 3),
(676, 65, 20, 2),
(677, 65, 21, 4),
(678, 65, 22, 2),
(679, 65, 23, 3),
(680, 65, 24, 4),
(681, 65, 25, 3),
(682, 65, 26, 4),
(683, 65, 27, 4),
(684, 65, 1, 2),
(685, 65, 2, 3),
(686, 65, 3, 4),
(687, 65, 4, 3),
(688, 65, 5, 4),
(689, 65, 6, 2),
(690, 65, 7, 2),
(691, 65, 8, 4),
(692, 65, 9, 2),
(693, 65, 10, 2),
(694, 65, 11, 3),
(695, 65, 12, 4),
(696, 65, 13, 3),
(697, 65, 14, 2),
(698, 65, 15, 4),
(699, 65, 16, 2),
(700, 65, 17, 3),
(701, 65, 18, 4),
(702, 65, 19, 3),
(703, 65, 20, 2),
(704, 65, 21, 4),
(705, 65, 22, 2),
(706, 65, 23, 3),
(707, 65, 24, 4),
(708, 65, 25, 3),
(709, 65, 26, 4),
(710, 65, 27, 4),
(711, 65, 1, 2),
(712, 65, 2, 3),
(713, 65, 3, 4),
(714, 65, 4, 3),
(715, 65, 5, 4),
(716, 65, 6, 2),
(717, 65, 7, 2),
(718, 65, 8, 4),
(719, 65, 9, 2),
(720, 65, 10, 2),
(721, 65, 11, 3),
(722, 65, 12, 4),
(723, 65, 13, 3),
(724, 65, 14, 2),
(725, 65, 15, 4),
(726, 65, 16, 2),
(727, 65, 17, 3),
(728, 65, 18, 4),
(729, 65, 19, 3),
(730, 65, 20, 2),
(731, 65, 21, 4),
(732, 65, 22, 2),
(733, 65, 23, 3),
(734, 65, 24, 4),
(735, 65, 25, 3),
(736, 65, 26, 4),
(737, 65, 27, 4),
(738, 65, 1, 2),
(739, 65, 2, 3),
(740, 65, 3, 4),
(741, 65, 4, 3),
(742, 65, 5, 4),
(743, 65, 6, 2),
(744, 65, 7, 2),
(745, 65, 8, 4),
(746, 65, 9, 2),
(747, 65, 10, 2),
(748, 65, 11, 3),
(749, 65, 12, 4),
(750, 65, 13, 3),
(751, 65, 14, 2),
(752, 65, 15, 4),
(753, 65, 16, 2),
(754, 65, 17, 3),
(755, 65, 18, 4),
(756, 65, 19, 3),
(757, 65, 20, 2),
(758, 65, 21, 4),
(759, 65, 22, 2),
(760, 65, 23, 3),
(761, 65, 24, 4),
(762, 65, 25, 3),
(763, 65, 26, 4),
(764, 65, 27, 4),
(765, 65, 1, 2),
(766, 65, 2, 3),
(767, 65, 3, 4),
(768, 65, 4, 3),
(769, 65, 5, 4),
(770, 65, 6, 2),
(771, 65, 7, 2),
(772, 65, 8, 4),
(773, 65, 9, 2),
(774, 65, 10, 2),
(775, 65, 11, 3),
(776, 65, 12, 4),
(777, 65, 13, 3),
(778, 65, 14, 2),
(779, 65, 15, 4),
(780, 65, 16, 2),
(781, 65, 17, 3),
(782, 65, 18, 4),
(783, 65, 19, 3),
(784, 65, 20, 2),
(785, 65, 21, 4),
(786, 65, 22, 2),
(787, 65, 23, 3),
(788, 65, 24, 4),
(789, 65, 25, 3),
(790, 65, 26, 4),
(791, 65, 27, 4),
(792, 65, 1, 2),
(793, 65, 2, 3),
(794, 65, 3, 4),
(795, 65, 4, 3),
(796, 65, 5, 4),
(797, 65, 6, 2),
(798, 65, 7, 2),
(799, 65, 8, 4),
(800, 65, 9, 2),
(801, 65, 10, 2),
(802, 65, 11, 3),
(803, 65, 12, 4),
(804, 65, 13, 3),
(805, 65, 14, 2),
(806, 65, 15, 4),
(807, 65, 16, 2),
(808, 65, 17, 3),
(809, 65, 18, 4),
(810, 65, 19, 3),
(811, 65, 20, 2),
(812, 65, 21, 4),
(813, 65, 22, 2),
(814, 65, 23, 3),
(815, 65, 24, 4),
(816, 65, 25, 3),
(817, 65, 26, 4),
(818, 65, 27, 4),
(819, 67, 1, 2),
(820, 67, 2, 3),
(821, 67, 3, 4),
(822, 67, 4, 3),
(823, 67, 5, 4),
(824, 67, 6, 2),
(825, 67, 7, 2),
(826, 67, 8, 4),
(827, 67, 9, 2),
(828, 67, 10, 2),
(829, 67, 11, 3),
(830, 67, 12, 4),
(831, 67, 13, 3),
(832, 67, 14, 2),
(833, 67, 15, 4),
(834, 67, 16, 2),
(835, 67, 17, 3),
(836, 67, 18, 4),
(837, 67, 19, 3),
(838, 67, 20, 2),
(839, 67, 21, 4),
(840, 67, 22, 2),
(841, 67, 23, 3),
(842, 67, 24, 4),
(843, 67, 25, 3),
(844, 67, 26, 4),
(845, 67, 27, 4),
(846, 67, 1, 2),
(847, 67, 2, 3),
(848, 67, 3, 4),
(849, 67, 4, 3),
(850, 67, 5, 4),
(851, 67, 6, 2),
(852, 67, 7, 2),
(853, 67, 8, 4),
(854, 67, 9, 2),
(855, 67, 10, 2),
(856, 67, 11, 3),
(857, 67, 12, 4),
(858, 67, 13, 3),
(859, 67, 14, 2),
(860, 67, 15, 4),
(861, 67, 16, 2),
(862, 67, 17, 3),
(863, 67, 18, 4),
(864, 67, 19, 3),
(865, 67, 20, 2),
(866, 67, 21, 4),
(867, 67, 22, 2),
(868, 67, 23, 3),
(869, 67, 24, 4),
(870, 67, 25, 3),
(871, 67, 26, 4),
(872, 67, 27, 4),
(873, 67, 1, 2),
(874, 67, 2, 3),
(875, 67, 3, 4),
(876, 67, 4, 3),
(877, 67, 5, 4),
(878, 67, 6, 2),
(879, 67, 7, 2),
(880, 67, 8, 4),
(881, 67, 9, 2),
(882, 67, 10, 2),
(883, 67, 11, 3),
(884, 67, 12, 4),
(885, 67, 13, 3),
(886, 67, 14, 2),
(887, 67, 15, 4),
(888, 67, 16, 2),
(889, 67, 17, 3),
(890, 67, 18, 4),
(891, 67, 19, 3),
(892, 67, 20, 2),
(893, 67, 21, 4),
(894, 67, 22, 2),
(895, 67, 23, 3),
(896, 67, 24, 4),
(897, 67, 25, 3),
(898, 67, 26, 4),
(899, 67, 27, 4),
(900, 69, 1, 2),
(901, 69, 2, 3),
(902, 69, 3, 4),
(903, 69, 4, 3),
(904, 69, 5, 4),
(905, 69, 6, 2),
(906, 69, 7, 2),
(907, 69, 8, 4),
(908, 69, 9, 2),
(909, 69, 10, 2),
(910, 69, 11, 3),
(911, 69, 12, 4),
(912, 69, 13, 3),
(913, 69, 14, 2),
(914, 69, 15, 4),
(915, 69, 16, 2),
(916, 69, 17, 3),
(917, 69, 18, 4),
(918, 69, 19, 3),
(919, 69, 20, 2),
(920, 69, 21, 4),
(921, 69, 22, 2),
(922, 69, 23, 3),
(923, 69, 24, 4),
(924, 69, 25, 3),
(925, 69, 26, 4),
(926, 69, 27, 4),
(927, 70, 1, 2),
(928, 70, 2, 3),
(929, 70, 3, 4),
(930, 70, 4, 3),
(931, 70, 5, 4),
(932, 70, 6, 2),
(933, 70, 7, 2),
(934, 70, 8, 4),
(935, 70, 9, 2),
(936, 70, 10, 2),
(937, 70, 11, 3),
(938, 70, 12, 4),
(939, 70, 13, 3),
(940, 70, 14, 2),
(941, 70, 15, 4),
(942, 70, 16, 2),
(943, 70, 17, 3),
(944, 70, 18, 4),
(945, 70, 19, 3),
(946, 70, 20, 2),
(947, 70, 21, 4),
(948, 70, 22, 2),
(949, 70, 23, 3),
(950, 70, 24, 4),
(951, 70, 25, 3),
(952, 70, 26, 4),
(953, 70, 27, 4),
(954, 72, 1, 4),
(955, 72, 2, 3),
(956, 72, 3, 4),
(957, 72, 4, 3),
(958, 72, 5, 2),
(959, 72, 6, 3),
(960, 72, 7, 4),
(961, 72, 8, 3),
(962, 72, 9, 3),
(963, 72, 10, 3),
(964, 72, 11, 3),
(965, 72, 12, 4),
(966, 72, 13, 3),
(967, 72, 14, 4),
(968, 72, 15, 3),
(969, 72, 16, 2),
(970, 72, 17, 3),
(971, 72, 18, 4),
(972, 72, 19, 3),
(973, 72, 20, 4),
(974, 72, 21, 3),
(975, 72, 22, 3),
(976, 72, 23, 3),
(977, 72, 24, 4),
(978, 72, 25, 4),
(979, 72, 26, 2),
(980, 72, 27, 3),
(981, 72, 1, 4),
(982, 72, 2, 3),
(983, 72, 3, 4),
(984, 72, 4, 3),
(985, 72, 5, 2),
(986, 72, 6, 3),
(987, 72, 7, 4),
(988, 72, 8, 3),
(989, 72, 9, 3),
(990, 72, 10, 3),
(991, 72, 11, 3),
(992, 72, 12, 4),
(993, 72, 13, 3),
(994, 72, 14, 4),
(995, 72, 15, 3),
(996, 72, 16, 2),
(997, 72, 17, 3),
(998, 72, 18, 4),
(999, 72, 19, 3),
(1000, 72, 20, 4),
(1001, 72, 21, 3),
(1002, 72, 22, 3),
(1003, 72, 23, 3),
(1004, 72, 24, 4),
(1005, 72, 25, 4),
(1006, 72, 26, 2),
(1007, 72, 27, 3),
(1008, 73, 1, 2),
(1009, 73, 2, 3),
(1010, 73, 3, 4),
(1011, 73, 4, 3),
(1012, 73, 5, 4),
(1013, 73, 6, 2),
(1014, 73, 7, 2),
(1015, 73, 8, 4),
(1016, 73, 9, 2),
(1017, 73, 10, 2),
(1018, 73, 11, 3),
(1019, 73, 12, 4),
(1020, 73, 13, 3),
(1021, 73, 14, 2),
(1022, 73, 15, 4),
(1023, 73, 16, 2),
(1024, 73, 17, 3),
(1025, 73, 18, 4),
(1026, 73, 19, 3),
(1027, 73, 20, 2),
(1028, 73, 21, 4),
(1029, 73, 22, 2),
(1030, 73, 23, 3),
(1031, 73, 24, 4),
(1032, 73, 25, 3),
(1033, 73, 26, 4),
(1034, 73, 27, 4),
(1035, 76, 1, 2),
(1036, 76, 2, 3),
(1037, 76, 3, 4),
(1038, 76, 4, 3),
(1039, 76, 5, 4),
(1040, 76, 6, 2),
(1041, 76, 7, 2),
(1042, 76, 8, 4),
(1043, 76, 9, 2),
(1044, 76, 10, 2),
(1045, 76, 11, 3),
(1046, 76, 12, 4),
(1047, 76, 13, 3),
(1048, 76, 14, 2),
(1049, 76, 15, 4),
(1050, 76, 16, 2),
(1051, 76, 17, 3),
(1052, 76, 18, 4),
(1053, 76, 19, 3),
(1054, 76, 20, 2),
(1055, 76, 21, 4),
(1056, 76, 22, 2),
(1057, 76, 23, 3),
(1058, 76, 24, 4),
(1059, 76, 25, 3),
(1060, 76, 26, 4),
(1061, 76, 27, 4),
(1062, 76, 1, 2),
(1063, 76, 2, 3),
(1064, 76, 3, 4),
(1065, 76, 4, 3),
(1066, 76, 5, 4),
(1067, 76, 6, 2),
(1068, 76, 7, 2),
(1069, 76, 8, 4),
(1070, 76, 9, 2),
(1071, 76, 10, 2),
(1072, 76, 11, 3),
(1073, 76, 12, 4),
(1074, 76, 13, 3),
(1075, 76, 14, 2),
(1076, 76, 15, 4),
(1077, 76, 16, 2),
(1078, 76, 17, 3),
(1079, 76, 18, 4),
(1080, 76, 19, 3),
(1081, 76, 20, 2),
(1082, 76, 21, 4),
(1083, 76, 22, 2),
(1084, 76, 23, 3),
(1085, 76, 24, 4),
(1086, 76, 25, 3),
(1087, 76, 26, 4),
(1088, 76, 27, 4),
(1089, 77, 1, 4),
(1090, 77, 2, 3),
(1091, 77, 3, 2),
(1092, 77, 4, 3),
(1093, 77, 5, 4),
(1094, 77, 6, 3),
(1095, 77, 7, 4),
(1096, 77, 8, 3),
(1097, 77, 9, 3),
(1098, 77, 10, 3),
(1099, 77, 11, 2),
(1100, 77, 12, 1),
(1101, 77, 13, 4),
(1102, 77, 14, 4),
(1103, 77, 15, 2),
(1104, 77, 16, 2),
(1105, 77, 17, 1),
(1106, 77, 18, 3),
(1107, 77, 19, 4),
(1108, 77, 20, 3),
(1109, 77, 21, 2),
(1110, 77, 22, 2),
(1111, 77, 23, 2),
(1112, 77, 24, 3),
(1113, 77, 25, 4),
(1114, 77, 26, 3),
(1115, 77, 27, 3),
(1116, 78, 1, 4),
(1117, 78, 2, 4),
(1118, 78, 3, 4),
(1119, 78, 4, 3),
(1120, 78, 5, 1),
(1121, 78, 6, 4),
(1122, 78, 7, 3),
(1123, 78, 8, 2),
(1124, 78, 9, 3),
(1125, 78, 10, 4),
(1126, 78, 11, 3),
(1127, 78, 12, 1),
(1128, 78, 13, 3),
(1129, 78, 14, 4),
(1130, 78, 15, 4),
(1131, 78, 16, 3),
(1132, 78, 17, 2),
(1133, 78, 18, 4),
(1134, 78, 19, 3),
(1135, 78, 20, 3),
(1136, 78, 21, 3),
(1137, 78, 22, 3),
(1138, 78, 23, 2),
(1139, 78, 24, 2),
(1140, 78, 25, 3),
(1141, 78, 26, 4),
(1142, 78, 27, 3),
(1143, 79, 1, 4),
(1144, 79, 2, 3),
(1145, 79, 3, 4),
(1146, 79, 4, 4),
(1147, 79, 5, 3),
(1148, 79, 6, 4),
(1149, 79, 7, 4),
(1150, 79, 8, 4),
(1151, 79, 9, 4),
(1152, 79, 10, 4),
(1153, 79, 11, 4),
(1154, 79, 12, 4),
(1155, 79, 13, 3),
(1156, 79, 14, 4),
(1157, 79, 15, 3),
(1158, 79, 16, 1),
(1159, 79, 17, 2),
(1160, 79, 18, 4),
(1161, 79, 19, 3),
(1162, 79, 20, 4),
(1163, 79, 21, 1),
(1164, 79, 22, 2),
(1165, 79, 23, 1),
(1166, 79, 24, 2),
(1167, 79, 25, 3),
(1168, 79, 26, 3),
(1169, 79, 27, 4),
(1170, 116, 1, 4),
(1171, 116, 2, 2),
(1172, 116, 3, 4),
(1173, 116, 4, 3),
(1174, 116, 5, 2),
(1175, 116, 6, 1),
(1176, 116, 7, 3),
(1177, 116, 8, 4),
(1178, 116, 9, 2),
(1179, 116, 10, 3),
(1180, 116, 11, 2),
(1181, 116, 12, 1),
(1182, 116, 13, 2),
(1183, 116, 14, 4),
(1184, 116, 15, 3),
(1185, 116, 16, 1),
(1186, 116, 17, 2),
(1187, 116, 18, 3),
(1188, 116, 19, 4),
(1189, 116, 20, 1),
(1190, 116, 21, 2),
(1191, 116, 22, 3),
(1192, 116, 23, 3),
(1193, 116, 24, 3),
(1194, 116, 25, 3),
(1195, 116, 26, 3),
(1196, 116, 27, 2),
(1197, 117, 1, 2),
(1198, 117, 2, 3),
(1199, 117, 3, 4),
(1200, 117, 4, 3),
(1201, 117, 5, 4),
(1202, 117, 6, 2),
(1203, 117, 7, 2),
(1204, 117, 8, 4),
(1205, 117, 9, 2),
(1206, 117, 10, 2),
(1207, 117, 11, 3),
(1208, 117, 12, 4),
(1209, 117, 13, 3),
(1210, 117, 14, 2),
(1211, 117, 15, 4),
(1212, 117, 16, 2),
(1213, 117, 17, 3),
(1214, 117, 18, 4),
(1215, 117, 19, 3),
(1216, 117, 20, 2),
(1217, 117, 21, 4),
(1218, 117, 22, 2),
(1219, 117, 23, 3),
(1220, 117, 24, 4),
(1221, 117, 25, 3),
(1222, 117, 26, 4),
(1223, 117, 27, 4),
(1224, 125, 1, 4),
(1225, 125, 2, 3),
(1226, 125, 3, 2),
(1227, 125, 4, 3),
(1228, 125, 5, 4),
(1229, 125, 6, 3),
(1230, 125, 7, 4),
(1231, 125, 8, 3),
(1232, 125, 9, 4),
(1233, 125, 10, 3),
(1234, 125, 11, 4),
(1235, 125, 12, 3),
(1236, 125, 13, 4),
(1237, 125, 14, 3),
(1238, 125, 15, 4),
(1239, 125, 16, 3),
(1240, 125, 17, 1),
(1241, 125, 18, 2),
(1242, 125, 19, 3),
(1243, 125, 20, 1),
(1244, 125, 21, 4),
(1245, 125, 22, 3),
(1246, 125, 23, 3),
(1247, 125, 24, 3),
(1248, 125, 25, 4),
(1249, 125, 26, 3),
(1250, 125, 27, 4),
(1251, 126, 1, 4),
(1252, 126, 1, 1),
(1253, 126, 2, 2),
(1254, 126, 3, 4),
(1255, 126, 4, 2),
(1256, 126, 5, 2),
(1257, 126, 6, 2),
(1258, 126, 7, 2),
(1259, 126, 8, 1),
(1260, 126, 9, 1),
(1261, 126, 10, 1),
(1262, 126, 11, 2),
(1263, 126, 12, 3),
(1264, 126, 13, 1),
(1265, 126, 14, 1),
(1266, 126, 15, 1),
(1267, 126, 16, 1),
(1268, 126, 17, 1),
(1269, 126, 18, 1),
(1270, 126, 19, 1),
(1271, 126, 20, 1),
(1272, 126, 21, 1),
(1273, 126, 22, 1),
(1274, 126, 23, 1),
(1275, 126, 24, 1),
(1276, 126, 25, 1),
(1277, 126, 26, 1),
(1278, 126, 27, 1),
(1279, 127, 1, 1),
(1280, 127, 2, 2),
(1281, 127, 3, 1),
(1282, 127, 4, 1),
(1283, 127, 5, 1),
(1284, 127, 6, 1),
(1285, 127, 7, 1),
(1286, 127, 8, 2),
(1287, 127, 9, 3),
(1288, 127, 10, 4),
(1289, 127, 11, 3),
(1290, 127, 12, 2),
(1291, 127, 13, 4),
(1292, 127, 14, 1),
(1293, 127, 15, 2),
(1294, 127, 16, 3),
(1295, 127, 17, 4),
(1296, 127, 18, 2),
(1297, 127, 19, 3),
(1298, 127, 20, 2),
(1299, 127, 21, 3),
(1300, 127, 22, 4),
(1301, 127, 23, 2),
(1302, 127, 24, 3),
(1303, 127, 25, 3),
(1304, 127, 26, 4),
(1305, 127, 27, 1),
(1333, 128, 1, 4),
(1334, 128, 2, 3),
(1335, 128, 3, 4),
(1336, 128, 4, 3),
(1337, 128, 5, 1),
(1338, 128, 6, 3),
(1339, 128, 7, 4),
(1340, 128, 8, 3),
(1341, 128, 9, 2),
(1342, 128, 10, 3),
(1343, 128, 11, 4),
(1344, 128, 12, 3),
(1345, 128, 13, 4),
(1346, 128, 14, 3),
(1347, 128, 15, 2),
(1348, 128, 16, 4),
(1349, 128, 17, 2),
(1350, 128, 18, 3),
(1351, 128, 19, 4),
(1352, 128, 20, 2),
(1353, 128, 21, 3),
(1354, 128, 22, 4),
(1355, 128, 23, 2),
(1356, 128, 24, 4),
(1357, 128, 25, 3),
(1358, 128, 26, 4),
(1359, 128, 27, 3),
(1360, 130, 1, 4),
(1361, 130, 2, 3),
(1362, 130, 3, 2),
(1363, 130, 4, 4),
(1364, 130, 5, 2),
(1365, 130, 6, 3),
(1366, 130, 7, 4),
(1367, 130, 8, 3),
(1368, 130, 9, 2),
(1369, 130, 10, 3),
(1370, 130, 11, 4),
(1371, 130, 12, 3),
(1372, 130, 13, 2),
(1373, 130, 14, 4),
(1374, 130, 15, 3),
(1375, 130, 16, 3),
(1376, 130, 17, 4),
(1377, 130, 18, 3),
(1378, 130, 19, 3),
(1379, 130, 20, 4),
(1380, 130, 21, 3),
(1381, 130, 22, 2),
(1382, 130, 23, 1),
(1383, 130, 24, 3),
(1384, 130, 25, 4),
(1385, 130, 26, 3),
(1386, 130, 27, 4),
(1387, 130, 1, 4),
(1388, 130, 2, 3),
(1389, 130, 3, 2),
(1390, 130, 4, 4),
(1391, 130, 5, 2),
(1392, 130, 6, 3),
(1393, 130, 7, 4),
(1394, 130, 8, 3),
(1395, 130, 9, 2),
(1396, 130, 10, 3),
(1397, 130, 11, 4),
(1398, 130, 12, 3),
(1399, 130, 13, 2),
(1400, 130, 14, 4),
(1401, 130, 15, 3),
(1402, 130, 16, 3),
(1403, 130, 17, 4),
(1404, 130, 18, 3),
(1405, 130, 19, 3),
(1406, 130, 20, 4),
(1407, 130, 21, 3),
(1408, 130, 22, 2),
(1409, 130, 23, 1),
(1410, 130, 24, 3),
(1411, 130, 25, 4),
(1412, 130, 26, 3),
(1413, 130, 27, 4),
(1414, 131, 1, 4),
(1415, 131, 2, 1),
(1416, 131, 3, 2),
(1417, 131, 4, 1),
(1418, 131, 5, 3),
(1419, 131, 6, 2),
(1420, 131, 7, 1),
(1421, 131, 8, 3),
(1422, 131, 9, 2),
(1423, 131, 10, 1),
(1424, 131, 11, 3),
(1425, 131, 12, 1),
(1426, 131, 13, 2),
(1427, 131, 14, 1),
(1428, 131, 15, 3),
(1429, 131, 16, 2),
(1430, 131, 17, 3),
(1431, 131, 18, 4),
(1432, 131, 19, 2),
(1433, 131, 20, 3),
(1434, 131, 21, 2),
(1435, 131, 22, 1),
(1436, 131, 23, 3),
(1437, 131, 24, 4),
(1438, 131, 25, 2),
(1439, 131, 26, 1),
(1440, 131, 27, 1),
(1495, 137, 2, 1),
(1496, 137, 3, 3),
(1497, 137, 4, 2),
(1498, 137, 5, 2),
(1499, 137, 6, 4),
(1500, 137, 7, 4),
(1501, 137, 8, 4),
(1502, 137, 9, 4),
(1503, 137, 10, 4),
(1504, 137, 11, 4),
(1505, 137, 12, 4),
(1506, 137, 13, 4),
(1507, 137, 14, 4),
(1508, 137, 15, 4),
(1509, 137, 16, 4),
(1510, 137, 17, 4),
(1511, 137, 18, 4),
(1512, 137, 19, 4),
(1513, 137, 20, 4),
(1514, 137, 21, 4),
(1515, 137, 22, 4),
(1516, 137, 23, 4),
(1517, 137, 24, 4),
(1518, 137, 25, 4),
(1519, 137, 26, 4),
(1520, 137, 27, 4),
(1521, 137, 2, 1),
(1522, 137, 3, 3),
(1523, 137, 4, 2),
(1524, 137, 5, 2),
(1525, 137, 6, 4),
(1526, 137, 7, 4),
(1527, 137, 8, 4),
(1528, 137, 9, 4),
(1529, 137, 10, 4),
(1530, 137, 11, 4),
(1531, 137, 12, 4),
(1532, 137, 13, 4),
(1533, 137, 14, 4),
(1534, 137, 15, 4),
(1535, 137, 16, 4),
(1536, 137, 17, 4),
(1537, 137, 18, 4),
(1538, 137, 19, 4),
(1539, 137, 20, 4),
(1540, 137, 21, 4),
(1541, 137, 22, 4),
(1542, 137, 23, 4),
(1543, 137, 24, 4),
(1544, 137, 25, 4),
(1545, 137, 26, 4),
(1546, 137, 27, 4),
(1547, 138, 2, 1),
(1548, 138, 3, 3),
(1549, 138, 4, 2),
(1550, 138, 5, 2),
(1551, 138, 6, 4),
(1552, 138, 7, 4),
(1553, 138, 8, 4),
(1554, 138, 9, 4),
(1555, 138, 10, 4),
(1556, 138, 11, 4),
(1557, 138, 12, 4),
(1558, 138, 13, 4),
(1559, 138, 14, 4),
(1560, 138, 15, 4),
(1561, 138, 16, 4),
(1562, 138, 17, 4),
(1563, 138, 18, 4),
(1564, 138, 19, 4),
(1565, 138, 20, 4),
(1566, 138, 21, 4),
(1567, 138, 22, 4),
(1568, 138, 23, 4),
(1569, 138, 24, 4),
(1570, 138, 25, 4),
(1571, 138, 26, 4),
(1572, 138, 27, 4),
(1573, 138, 2, 1),
(1574, 138, 3, 3),
(1575, 138, 4, 2),
(1576, 138, 5, 2),
(1577, 138, 6, 4),
(1578, 138, 7, 4),
(1579, 138, 8, 4),
(1580, 138, 9, 4),
(1581, 138, 10, 4),
(1582, 138, 11, 4),
(1583, 138, 12, 4),
(1584, 138, 13, 4),
(1585, 138, 14, 4),
(1586, 138, 15, 4),
(1587, 138, 16, 4),
(1588, 138, 17, 4),
(1589, 138, 18, 4),
(1590, 138, 19, 4),
(1591, 138, 20, 4),
(1592, 138, 21, 4),
(1593, 138, 22, 4),
(1594, 138, 23, 4),
(1595, 138, 24, 4),
(1596, 138, 25, 4),
(1597, 138, 26, 4),
(1598, 138, 27, 4),
(1599, 138, 2, 1),
(1600, 138, 3, 3),
(1601, 138, 4, 2),
(1602, 138, 5, 2),
(1603, 138, 6, 4),
(1604, 138, 7, 4),
(1605, 138, 8, 4),
(1606, 138, 9, 4),
(1607, 138, 10, 4),
(1608, 138, 11, 4),
(1609, 138, 12, 4),
(1610, 138, 13, 4),
(1611, 138, 14, 4),
(1612, 138, 15, 4),
(1613, 138, 16, 4),
(1614, 138, 17, 4),
(1615, 138, 18, 4),
(1616, 138, 19, 4),
(1617, 138, 20, 4),
(1618, 138, 21, 4),
(1619, 138, 22, 4),
(1620, 138, 23, 4),
(1621, 138, 24, 4),
(1622, 138, 25, 4),
(1623, 138, 26, 4),
(1624, 138, 27, 4),
(1625, 138, 1, 4),
(1626, 138, 2, 1),
(1627, 138, 3, 3),
(1628, 138, 4, 2),
(1629, 138, 5, 2),
(1630, 138, 6, 4),
(1631, 138, 7, 4),
(1632, 138, 8, 4),
(1633, 138, 9, 4),
(1634, 138, 10, 4),
(1635, 138, 11, 4),
(1636, 138, 12, 4),
(1637, 138, 13, 4),
(1638, 138, 14, 4),
(1639, 138, 15, 4),
(1640, 138, 16, 4),
(1641, 138, 17, 4),
(1642, 138, 18, 4),
(1643, 138, 19, 4),
(1644, 138, 20, 4),
(1645, 138, 21, 4),
(1646, 138, 22, 4),
(1647, 138, 23, 4),
(1648, 138, 24, 4),
(1649, 138, 25, 4),
(1650, 138, 26, 4),
(1651, 138, 27, 4),
(1652, 139, 1, 4),
(1653, 139, 4, 2),
(1654, 139, 3, 4),
(1655, 139, 4, 3),
(1656, 139, 4, 4),
(1657, 139, 4, 4),
(1658, 139, 5, 4),
(1659, 139, 4, 5),
(1660, 139, 6, 4),
(1661, 139, 4, 6),
(1662, 139, 7, 4),
(1663, 139, 4, 7),
(1664, 139, 8, 4),
(1665, 139, 4, 8),
(1666, 139, 9, 4),
(1667, 139, 4, 9),
(1668, 139, 10, 4),
(1669, 139, 4, 10),
(1670, 139, 11, 4),
(1671, 139, 4, 11),
(1672, 139, 12, 4),
(1673, 139, 4, 12),
(1674, 139, 13, 4),
(1675, 139, 4, 13),
(1676, 139, 14, 4),
(1677, 139, 4, 14),
(1678, 139, 15, 4),
(1679, 139, 4, 15),
(1680, 139, 1, 4),
(1681, 139, 1, 4),
(1682, 139, 1, 4),
(1683, 139, 1, 4),
(1684, 139, 1, 4),
(1685, 139, 1, 4),
(1686, 139, 1, 4),
(1687, 139, 1, 4),
(1688, 139, 1, 4),
(1689, 139, 1, 4),
(1690, 139, 1, 4),
(1691, 139, 1, 4),
(1692, 139, 1, 4),
(1693, 139, 1, 4),
(1694, 139, 1, 4),
(1695, 139, 1, 4),
(1696, 139, 1, 4),
(1697, 139, 1, 4),
(1698, 139, 1, 4),
(1699, 139, 1, 4),
(1700, 139, 1, 4),
(1701, 139, 1, 4),
(1702, 139, 1, 4),
(1703, 139, 1, 4),
(1704, 139, 1, 4),
(1705, 139, 1, 4),
(1706, 139, 1, 4),
(1707, 139, 1, 4),
(1708, 139, 1, 4),
(1709, 139, 1, 4),
(1710, 139, 1, 4),
(1711, 139, 1, 4),
(1712, 139, 1, 4),
(1713, 139, 1, 4),
(1714, 139, 1, 4),
(1715, 139, 1, 4),
(1716, 139, 1, 4),
(1717, 139, 1, 4),
(1718, 139, 1, 4),
(1719, 139, 1, 4),
(1720, 139, 1, 4),
(1721, 139, 1, 4),
(1722, 139, 1, 4),
(1723, 139, 1, 4),
(1724, 139, 1, 4),
(1725, 139, 1, 4),
(1726, 139, 1, 4),
(1727, 139, 1, 4),
(1728, 139, 1, 4),
(1729, 139, 1, 4),
(1730, 139, 1, 4),
(1731, 139, 1, 4),
(1732, 139, 1, 4),
(1733, 139, 1, 4),
(1734, 139, 1, 4),
(1735, 139, 1, 4),
(1736, 139, 1, 4),
(1737, 139, 1, 4),
(1738, 139, 1, 4),
(1739, 139, 1, 4),
(1740, 139, 1, 4),
(1741, 139, 1, 4),
(1742, 139, 1, 4),
(1743, 139, 1, 4),
(1744, 139, 1, 4),
(1745, 139, 1, 4),
(1746, 139, 1, 4),
(1747, 139, 1, 4),
(1748, 139, 1, 4),
(1749, 139, 1, 4),
(1750, 139, 1, 4),
(1751, 139, 1, 4),
(1752, 139, 1, 4),
(1753, 139, 1, 4),
(1754, 139, 1, 4),
(1755, 139, 1, 4),
(1756, 139, 1, 4),
(1757, 139, 1, 4),
(1758, 139, 1, 4),
(1759, 139, 1, 4),
(1760, 139, 1, 4),
(1761, 139, 1, 4),
(1762, 139, 1, 4),
(1763, 139, 1, 4),
(1764, 139, 1, 4),
(1765, 139, 1, 4),
(1766, 139, 1, 4),
(1767, 139, 1, 4),
(1768, 139, 1, 4),
(1769, 139, 1, 4),
(1770, 139, 1, 4),
(1771, 139, 1, 4),
(1772, 139, 1, 4),
(1773, 139, 1, 4),
(1774, 139, 1, 4),
(1775, 139, 1, 4),
(1776, 139, 1, 4),
(1777, 139, 1, 4),
(1778, 139, 1, 4),
(1779, 139, 1, 4),
(1780, 139, 1, 4),
(1781, 139, 1, 4),
(1782, 139, 1, 4),
(1783, 139, 1, 4),
(1784, 139, 1, 4),
(1785, 139, 1, 4),
(1786, 139, 1, 4),
(1787, 139, 1, 4),
(1788, 139, 1, 4),
(1789, 139, 1, 4),
(1790, 139, 1, 4),
(1791, 139, 1, 4),
(1792, 139, 1, 4),
(1793, 139, 1, 4),
(1794, 139, 1, 4),
(1795, 139, 1, 4),
(1796, 139, 1, 4),
(1797, 139, 1, 4),
(1798, 139, 1, 4),
(1799, 139, 1, 4),
(1800, 139, 1, 4),
(1801, 139, 1, 4),
(1802, 139, 1, 4),
(1803, 139, 1, 4),
(1804, 139, 1, 4),
(1805, 139, 1, 4),
(1806, 139, 1, 4),
(1807, 139, 1, 4),
(1808, 139, 1, 4),
(1809, 139, 1, 4),
(1810, 139, 1, 4),
(1811, 139, 1, 4),
(1812, 139, 1, 4),
(1813, 139, 1, 4),
(1814, 139, 1, 4),
(1815, 139, 1, 4),
(1816, 139, 1, 4),
(1817, 139, 1, 4),
(1818, 139, 1, 4),
(1819, 139, 1, 4),
(1820, 139, 1, 4),
(1821, 139, 1, 4),
(1822, 139, 1, 4),
(1823, 139, 1, 4),
(1824, 139, 1, 4),
(1825, 139, 1, 4),
(1826, 139, 1, 4),
(1827, 139, 1, 4),
(1828, 139, 1, 4),
(1829, 139, 1, 4),
(1830, 139, 1, 4),
(1831, 139, 1, 4),
(1832, 139, 1, 4),
(1833, 139, 1, 4),
(1834, 139, 1, 4),
(1835, 139, 1, 4),
(1836, 139, 1, 4),
(1837, 139, 1, 4),
(1838, 139, 1, 4),
(1839, 139, 1, 4),
(1840, 139, 1, 4),
(1841, 139, 1, 4),
(1842, 139, 1, 4),
(1843, 139, 1, 4),
(1844, 139, 1, 4),
(1845, 139, 1, 4),
(1846, 139, 1, 4),
(1847, 139, 1, 4),
(1848, 139, 1, 4),
(1849, 139, 1, 4),
(1850, 139, 1, 4),
(1851, 139, 1, 4),
(1852, 139, 1, 4),
(1853, 139, 1, 4),
(1854, 139, 1, 4),
(1855, 139, 1, 4),
(1856, 139, 1, 4),
(1857, 139, 1, 4),
(1858, 139, 1, 4),
(1859, 139, 1, 4),
(1860, 139, 1, 4),
(1861, 139, 1, 4),
(1862, 139, 1, 4),
(1863, 139, 1, 4),
(1864, 139, 1, 4),
(1865, 139, 1, 4),
(1866, 139, 1, 4),
(1867, 139, 1, 4),
(1868, 139, 1, 4),
(1869, 139, 1, 4),
(1870, 139, 1, 4),
(1871, 139, 1, 4),
(1872, 139, 1, 4),
(1873, 139, 1, 4),
(1874, 139, 1, 4),
(1875, 139, 1, 4),
(1876, 139, 1, 4),
(1877, 139, 1, 4),
(1878, 139, 1, 4),
(1879, 139, 1, 4),
(1880, 139, 1, 4),
(1881, 139, 1, 4),
(1882, 139, 1, 4),
(1883, 139, 1, 4),
(1884, 139, 1, 4),
(1885, 139, 1, 4),
(1886, 139, 1, 4),
(1887, 139, 1, 4),
(1888, 139, 1, 4),
(1889, 139, 1, 4),
(1890, 139, 1, 4),
(1891, 139, 1, 4),
(1892, 139, 1, 4),
(1893, 139, 1, 4),
(1894, 139, 1, 4),
(1895, 139, 1, 4),
(1896, 139, 1, 4),
(1897, 139, 1, 4),
(1898, 139, 1, 4),
(1899, 139, 1, 4),
(1900, 139, 1, 4),
(1901, 139, 1, 4),
(1902, 139, 1, 4),
(1903, 139, 1, 4),
(1904, 139, 1, 4),
(1905, 139, 1, 4),
(1906, 139, 1, 4),
(1907, 139, 1, 4),
(1908, 139, 1, 4),
(1909, 139, 1, 4),
(1910, 139, 1, 4),
(1911, 139, 1, 4),
(1912, 139, 1, 4),
(1913, 139, 1, 4),
(1914, 139, 1, 4),
(1915, 139, 1, 4),
(1916, 139, 1, 4),
(1917, 139, 1, 4),
(1918, 139, 1, 4),
(1919, 139, 1, 4),
(1920, 139, 1, 4),
(1921, 139, 1, 4),
(1922, 139, 1, 4),
(1923, 139, 1, 4),
(1924, 139, 1, 4),
(1925, 139, 1, 4),
(1926, 139, 1, 4),
(1927, 139, 1, 4),
(1928, 139, 1, 4),
(1929, 139, 1, 4),
(1930, 139, 1, 4),
(1931, 139, 1, 4),
(1932, 139, 1, 4),
(1933, 139, 1, 4),
(1934, 139, 1, 4),
(1935, 139, 1, 4),
(1936, 139, 1, 4),
(1937, 139, 1, 4),
(1938, 139, 1, 4),
(1939, 139, 1, 4),
(1940, 139, 1, 4),
(1941, 139, 1, 4),
(1942, 139, 1, 4),
(1943, 139, 1, 4),
(1944, 139, 1, 4),
(1945, 139, 1, 4),
(1946, 139, 1, 4),
(1947, 139, 1, 4),
(1948, 139, 1, 4),
(1949, 139, 1, 4),
(1950, 139, 1, 4),
(1951, 139, 1, 4),
(1952, 139, 1, 4),
(1953, 139, 1, 4),
(1954, 139, 1, 4),
(1955, 139, 1, 4),
(1956, 139, 1, 4),
(1957, 139, 1, 4),
(1958, 139, 1, 4),
(1959, 139, 1, 4),
(1960, 139, 1, 4),
(1961, 139, 1, 4),
(1962, 139, 1, 4),
(1963, 139, 1, 4),
(1964, 139, 1, 4),
(1965, 139, 1, 4),
(1966, 139, 1, 4),
(1967, 139, 1, 4),
(1968, 139, 1, 4),
(1969, 139, 1, 4),
(1970, 139, 1, 4),
(1971, 139, 1, 4),
(1972, 139, 1, 4),
(1973, 139, 1, 4),
(1974, 139, 1, 4),
(1975, 139, 1, 4),
(1976, 139, 1, 4),
(1977, 139, 1, 4),
(1978, 139, 1, 4),
(1979, 139, 1, 4),
(1980, 139, 1, 4),
(1981, 139, 1, 4),
(1982, 139, 1, 4),
(1983, 139, 1, 4),
(1984, 139, 1, 4),
(1985, 139, 1, 4),
(1986, 139, 1, 4),
(1987, 139, 1, 4),
(1988, 139, 1, 4),
(1989, 139, 1, 4),
(1990, 139, 1, 4),
(1991, 139, 1, 4),
(1992, 139, 1, 4),
(1993, 139, 1, 4),
(1994, 139, 1, 4),
(1995, 139, 1, 4),
(1996, 139, 1, 4),
(1997, 139, 1, 4),
(1998, 139, 1, 4),
(1999, 139, 1, 4),
(2000, 139, 1, 4),
(2001, 139, 1, 4),
(2002, 139, 1, 4),
(2003, 139, 1, 4),
(2004, 139, 1, 4),
(2005, 139, 1, 4),
(2006, 139, 1, 4),
(2007, 139, 1, 4),
(2008, 139, 1, 4),
(2009, 139, 1, 4),
(2010, 139, 1, 4),
(2011, 139, 1, 4),
(2012, 139, 1, 4),
(2013, 139, 1, 4),
(2014, 139, 1, 4),
(2015, 139, 1, 4),
(2016, 139, 1, 4),
(2017, 139, 1, 4),
(2018, 139, 1, 4),
(2019, 139, 1, 4),
(2020, 139, 1, 4),
(2021, 139, 1, 4),
(2022, 139, 1, 4),
(2023, 139, 1, 4),
(2024, 139, 1, 4),
(2025, 139, 1, 4),
(2026, 139, 1, 4),
(2027, 139, 1, 4),
(2028, 139, 1, 4),
(2029, 139, 1, 4),
(2030, 139, 1, 4),
(2031, 139, 1, 4),
(2032, 139, 1, 4),
(2033, 139, 1, 4),
(2034, 139, 1, 4),
(2035, 139, 1, 4),
(2036, 139, 1, 4),
(2037, 139, 1, 4),
(2038, 139, 1, 4),
(2039, 139, 1, 4),
(2040, 139, 1, 4),
(2041, 139, 1, 4),
(2042, 139, 1, 4),
(2043, 139, 1, 4),
(2044, 139, 1, 4),
(2045, 139, 1, 4),
(2046, 139, 1, 4),
(2047, 139, 1, 4),
(2048, 139, 1, 4),
(2049, 139, 1, 4),
(2050, 139, 1, 4),
(2051, 139, 1, 4),
(2052, 139, 1, 4),
(2053, 139, 1, 4),
(2054, 139, 1, 4),
(2055, 139, 1, 4),
(2056, 139, 1, 4),
(2057, 139, 1, 4),
(2058, 139, 1, 4),
(2059, 139, 1, 4),
(2060, 139, 1, 4),
(2061, 139, 1, 4),
(2062, 139, 1, 4),
(2063, 139, 1, 4),
(2064, 139, 1, 4),
(2065, 139, 1, 4),
(2066, 139, 1, 4),
(2067, 139, 1, 4),
(2068, 139, 1, 4),
(2069, 139, 1, 4),
(2070, 139, 1, 4),
(2071, 139, 1, 4),
(2072, 139, 1, 4),
(2073, 139, 1, 4),
(2074, 139, 1, 4),
(2075, 139, 1, 4),
(2076, 139, 1, 4),
(2077, 139, 1, 4),
(2078, 139, 1, 4),
(2079, 139, 1, 4),
(2080, 139, 1, 4),
(2081, 139, 1, 4),
(2082, 139, 1, 4),
(2083, 139, 1, 4),
(2084, 139, 1, 4),
(2085, 139, 1, 4),
(2086, 139, 1, 4),
(2087, 139, 1, 4),
(2088, 139, 1, 4),
(2089, 139, 1, 4),
(2090, 139, 1, 4),
(2091, 139, 1, 4),
(2092, 139, 1, 4),
(2093, 139, 1, 4),
(2094, 139, 1, 4),
(2095, 139, 1, 4),
(2096, 139, 1, 4),
(2097, 139, 1, 4),
(2098, 139, 1, 4),
(2099, 139, 1, 4),
(2100, 139, 1, 4),
(2101, 139, 1, 4),
(2102, 139, 1, 4),
(2103, 139, 1, 4),
(2104, 139, 1, 4),
(2105, 139, 1, 4),
(2106, 139, 1, 4),
(2107, 139, 1, 4),
(2108, 139, 1, 4),
(2109, 139, 1, 4),
(2110, 139, 1, 4),
(2111, 139, 1, 4),
(2112, 139, 1, 4),
(2113, 139, 1, 4),
(2114, 139, 1, 4),
(2115, 139, 1, 4),
(2116, 139, 1, 4),
(2117, 139, 1, 4),
(2118, 139, 1, 4),
(2119, 139, 1, 4),
(2120, 139, 1, 4),
(2121, 139, 1, 4),
(2122, 139, 1, 4),
(2123, 139, 1, 4),
(2124, 139, 1, 4),
(2125, 139, 1, 4),
(2126, 139, 1, 4),
(2127, 139, 1, 4),
(2128, 139, 1, 4),
(2129, 139, 1, 4),
(2130, 139, 1, 4),
(2131, 139, 1, 4),
(2132, 139, 1, 4),
(2133, 139, 1, 4),
(2134, 139, 1, 4),
(2135, 139, 1, 4),
(2136, 139, 1, 4),
(2137, 139, 1, 4),
(2138, 139, 1, 4),
(2139, 139, 1, 4),
(2140, 139, 1, 4),
(2141, 139, 1, 4),
(2142, 139, 1, 4),
(2143, 139, 1, 4),
(2144, 139, 1, 4),
(2145, 139, 1, 4),
(2146, 139, 1, 4),
(2147, 139, 1, 4),
(2148, 139, 1, 4),
(2149, 139, 1, 4),
(2150, 139, 1, 4),
(2151, 139, 1, 4),
(2152, 139, 1, 4),
(2153, 139, 1, 4),
(2154, 139, 1, 4),
(2155, 139, 1, 4),
(2156, 139, 1, 4),
(2157, 139, 1, 4),
(2158, 139, 1, 4),
(2159, 139, 1, 4),
(2160, 139, 1, 4),
(2161, 139, 1, 4),
(2162, 139, 1, 4),
(2163, 139, 1, 4),
(2164, 139, 1, 4),
(2165, 139, 1, 4),
(2166, 139, 1, 4),
(2167, 139, 1, 4),
(2168, 139, 1, 4),
(2169, 139, 1, 4),
(2170, 139, 1, 4),
(2171, 139, 1, 4),
(2172, 139, 1, 4),
(2173, 139, 1, 4),
(2174, 139, 1, 4),
(2175, 139, 1, 4),
(2176, 139, 1, 4),
(2177, 139, 1, 4),
(2178, 139, 1, 4),
(2179, 139, 1, 4),
(2180, 139, 1, 4),
(2181, 139, 1, 4),
(2182, 139, 1, 4),
(2183, 139, 1, 4),
(2184, 139, 1, 4),
(2185, 139, 1, 4),
(2186, 139, 1, 4),
(2187, 139, 1, 4),
(2188, 139, 1, 4),
(2189, 139, 1, 4),
(2190, 139, 1, 4),
(2191, 139, 1, 4),
(2192, 139, 1, 4),
(2193, 139, 1, 4),
(2194, 139, 1, 4),
(2195, 139, 1, 4),
(2196, 139, 1, 4),
(2197, 139, 1, 4),
(2198, 139, 1, 4),
(2199, 139, 1, 4),
(2200, 139, 1, 4),
(2201, 139, 1, 4),
(2202, 139, 1, 4),
(2203, 139, 1, 4),
(2204, 139, 1, 4),
(2205, 139, 1, 4),
(2206, 139, 1, 4),
(2207, 139, 1, 4),
(2208, 139, 1, 4),
(2209, 139, 1, 4),
(2210, 139, 1, 4),
(2211, 139, 1, 4),
(2212, 139, 1, 4),
(2213, 139, 1, 4),
(2214, 139, 1, 4),
(2215, 139, 1, 4),
(2216, 139, 1, 4),
(2217, 139, 1, 4),
(2218, 139, 1, 4),
(2219, 139, 1, 4),
(2220, 139, 1, 4),
(2221, 139, 1, 4),
(2222, 139, 1, 4),
(2223, 139, 1, 4),
(2224, 139, 1, 4),
(2225, 139, 1, 4),
(2226, 139, 1, 4),
(2227, 139, 1, 4),
(2228, 139, 1, 4),
(2229, 139, 1, 4),
(2230, 139, 1, 4),
(2231, 139, 1, 4),
(2232, 139, 1, 4),
(2233, 139, 1, 4),
(2234, 139, 1, 4),
(2235, 139, 1, 4),
(2236, 139, 1, 4),
(2237, 139, 1, 4),
(2238, 139, 1, 4),
(2239, 139, 1, 4),
(2240, 139, 1, 4),
(2241, 139, 1, 4),
(2242, 139, 1, 4),
(2243, 139, 1, 4),
(2244, 139, 1, 4),
(2245, 139, 1, 4),
(2246, 139, 1, 4),
(2247, 139, 1, 4),
(2248, 139, 1, 4),
(2249, 139, 1, 4),
(2250, 139, 1, 4),
(2251, 139, 1, 4),
(2252, 139, 1, 4),
(2253, 139, 1, 4),
(2254, 139, 1, 4),
(2255, 139, 1, 4),
(2256, 139, 1, 4),
(2257, 139, 1, 4),
(2258, 139, 1, 4),
(2259, 139, 1, 4),
(2260, 139, 1, 4),
(2261, 139, 1, 4),
(2262, 139, 1, 4),
(2263, 139, 1, 4),
(2264, 139, 1, 4),
(2265, 139, 1, 4),
(2266, 139, 1, 4),
(2267, 139, 1, 4),
(2268, 139, 1, 4),
(2269, 139, 1, 4),
(2270, 139, 1, 4),
(2271, 139, 1, 4),
(2272, 139, 1, 4),
(2273, 139, 1, 4),
(2274, 139, 1, 4),
(2275, 139, 1, 4),
(2276, 139, 1, 4),
(2277, 139, 1, 4),
(2278, 139, 1, 4),
(2279, 139, 1, 4),
(2280, 139, 1, 4),
(2281, 139, 1, 4),
(2282, 139, 1, 4),
(2283, 139, 1, 4),
(2284, 139, 1, 4),
(2285, 139, 1, 4),
(2286, 139, 1, 4),
(2287, 139, 1, 4),
(2288, 139, 1, 4),
(2289, 139, 1, 4),
(2290, 139, 1, 4),
(2291, 139, 1, 4),
(2292, 139, 1, 4),
(2293, 139, 1, 4),
(2294, 139, 1, 4),
(2295, 139, 1, 4),
(2296, 139, 1, 4),
(2297, 139, 1, 4),
(2298, 139, 1, 4),
(2299, 139, 1, 4),
(2300, 139, 1, 4),
(2301, 139, 1, 4),
(2302, 139, 1, 4),
(2303, 139, 1, 4),
(2304, 139, 1, 4),
(2305, 139, 1, 4),
(2306, 139, 1, 4),
(2307, 139, 1, 4),
(2308, 139, 1, 4),
(2309, 139, 1, 4),
(2310, 139, 1, 4),
(2311, 139, 1, 4),
(2312, 139, 1, 4),
(2313, 139, 1, 4),
(2314, 139, 1, 4),
(2315, 139, 1, 4),
(2316, 139, 1, 4),
(2317, 139, 1, 4),
(2318, 139, 1, 4),
(2319, 139, 1, 4),
(2320, 139, 1, 4),
(2321, 139, 1, 4),
(2322, 139, 1, 4),
(2323, 139, 1, 4),
(2324, 139, 1, 4),
(2325, 139, 1, 4),
(2326, 139, 1, 4),
(2327, 139, 1, 4),
(2328, 139, 1, 4),
(2329, 139, 1, 4),
(2330, 139, 1, 4),
(2331, 139, 1, 4),
(2332, 139, 1, 4),
(2333, 139, 1, 4),
(2334, 139, 1, 4),
(2335, 139, 1, 4),
(2336, 139, 1, 4),
(2337, 139, 1, 4),
(2338, 139, 1, 4),
(2339, 139, 1, 4),
(2340, 139, 1, 4),
(2341, 139, 1, 4),
(2342, 139, 1, 4),
(2343, 139, 1, 4),
(2344, 139, 1, 4),
(2345, 139, 1, 4),
(2346, 139, 1, 4),
(2347, 139, 1, 4),
(2348, 139, 1, 4),
(2349, 139, 1, 4),
(2350, 139, 1, 4),
(2351, 139, 1, 4),
(2352, 139, 1, 4),
(2353, 139, 1, 4),
(2354, 139, 1, 4),
(2355, 139, 1, 4),
(2356, 139, 1, 4),
(2357, 139, 1, 4),
(2358, 139, 1, 4),
(2359, 139, 1, 4),
(2360, 139, 1, 4),
(2361, 139, 1, 4),
(2362, 139, 1, 4),
(2363, 139, 1, 4),
(2364, 139, 1, 4),
(2365, 139, 1, 4),
(2366, 139, 1, 4),
(2367, 139, 1, 4),
(2368, 139, 1, 4),
(2369, 139, 1, 4),
(2370, 139, 1, 4),
(2371, 139, 1, 4),
(2372, 139, 1, 4),
(2373, 139, 1, 4),
(2374, 139, 1, 4),
(2375, 139, 1, 4),
(2376, 139, 1, 4),
(2377, 139, 1, 4),
(2378, 139, 1, 4),
(2379, 139, 1, 4),
(2380, 139, 1, 4),
(2381, 139, 1, 4),
(2382, 139, 1, 4),
(2383, 139, 1, 4),
(2384, 139, 1, 4),
(2385, 139, 1, 4),
(2386, 139, 1, 4),
(2387, 139, 1, 4),
(2388, 139, 1, 4),
(2389, 139, 1, 4),
(2390, 139, 1, 4),
(2391, 139, 1, 4),
(2392, 139, 1, 4),
(2393, 139, 1, 4),
(2394, 139, 1, 4),
(2395, 139, 1, 4),
(2396, 139, 1, 4),
(2397, 139, 1, 4),
(2398, 139, 1, 4),
(2399, 139, 1, 4),
(2400, 139, 1, 4),
(2401, 139, 1, 4),
(2402, 139, 1, 4),
(2403, 139, 1, 4),
(2404, 139, 1, 4),
(2405, 139, 1, 4),
(2406, 139, 1, 4),
(2407, 139, 1, 4),
(2408, 139, 1, 4),
(2409, 139, 1, 4),
(2410, 139, 1, 4),
(2411, 139, 1, 4),
(2412, 139, 1, 4),
(2413, 139, 1, 4),
(2414, 139, 1, 4),
(2415, 139, 1, 4),
(2416, 139, 1, 4),
(2417, 139, 1, 4),
(2418, 139, 1, 4),
(2419, 139, 1, 4),
(2420, 139, 1, 4),
(2421, 139, 1, 4),
(2422, 139, 1, 4),
(2423, 139, 1, 4),
(2424, 139, 1, 4),
(2425, 139, 1, 4),
(2426, 139, 1, 4),
(2427, 139, 1, 4),
(2428, 139, 1, 4),
(2429, 139, 1, 4),
(2430, 139, 1, 4),
(2431, 139, 1, 4),
(2432, 139, 1, 4),
(2433, 139, 1, 4),
(2434, 139, 1, 4),
(2435, 139, 1, 4),
(2436, 139, 1, 4),
(2437, 139, 1, 4),
(2438, 139, 1, 4),
(2439, 139, 1, 4),
(2440, 139, 1, 4),
(2441, 139, 1, 4),
(2442, 139, 1, 4),
(2443, 139, 1, 4),
(2444, 139, 1, 4),
(2445, 139, 1, 4),
(2446, 139, 1, 4),
(2447, 139, 1, 4),
(2448, 139, 1, 4),
(2449, 139, 1, 4),
(2450, 139, 1, 4),
(2451, 139, 1, 4),
(2452, 139, 1, 4),
(2453, 139, 1, 4),
(2454, 139, 1, 4),
(2455, 139, 1, 4),
(2456, 139, 1, 4),
(2457, 139, 1, 4),
(2458, 139, 1, 4),
(2459, 139, 1, 4),
(2460, 139, 1, 4),
(2461, 139, 1, 4),
(2462, 139, 1, 4),
(2463, 139, 1, 4),
(2464, 139, 1, 4),
(2465, 139, 1, 4),
(2466, 139, 1, 4),
(2467, 139, 1, 4),
(2468, 139, 1, 4),
(2469, 139, 1, 4),
(2470, 139, 1, 4),
(2471, 139, 1, 4),
(2472, 139, 1, 4),
(2473, 139, 1, 4),
(2474, 139, 1, 4),
(2475, 139, 1, 4),
(2476, 139, 1, 4),
(2477, 139, 1, 4),
(2478, 139, 1, 4),
(2479, 139, 1, 4),
(2480, 139, 1, 4),
(2481, 139, 1, 4),
(2482, 139, 1, 4),
(2483, 139, 1, 4),
(2484, 139, 1, 4),
(2485, 139, 1, 4),
(2486, 139, 1, 4),
(2487, 139, 1, 4),
(2488, 139, 1, 4),
(2489, 139, 1, 4),
(2490, 139, 1, 4),
(2491, 139, 1, 4),
(2492, 139, 1, 4),
(2493, 139, 1, 4),
(2494, 139, 1, 4),
(2495, 139, 1, 4),
(2496, 139, 1, 4),
(2497, 139, 1, 4),
(2498, 139, 1, 4),
(2499, 139, 1, 4),
(2500, 139, 1, 4),
(2501, 139, 1, 4),
(2502, 139, 1, 4),
(2503, 139, 1, 4),
(2504, 139, 1, 4),
(2505, 139, 1, 4),
(2506, 139, 1, 4),
(2507, 139, 1, 4),
(2508, 139, 1, 4),
(2509, 139, 1, 4),
(2510, 139, 1, 4),
(2511, 139, 1, 4),
(2512, 139, 1, 4),
(2513, 139, 1, 4),
(2514, 139, 1, 4),
(2515, 139, 1, 4),
(2516, 139, 1, 4),
(2517, 139, 1, 4),
(2518, 139, 1, 4),
(2519, 139, 1, 4),
(2520, 139, 1, 4),
(2521, 139, 1, 4),
(2522, 139, 1, 4),
(2523, 139, 1, 4),
(2524, 139, 1, 4),
(2525, 139, 1, 4),
(2526, 139, 1, 4),
(2527, 139, 1, 4),
(2528, 139, 1, 4),
(2529, 139, 1, 4),
(2530, 139, 1, 4),
(2531, 139, 1, 4),
(2532, 139, 1, 4),
(2533, 139, 1, 4),
(2534, 139, 1, 4),
(2535, 139, 1, 4),
(2536, 139, 1, 4),
(2537, 139, 1, 4),
(2538, 139, 1, 4),
(2539, 139, 1, 4),
(2540, 139, 1, 4),
(2541, 139, 1, 4),
(2542, 139, 1, 4),
(2543, 139, 1, 4),
(2544, 139, 1, 4),
(2545, 139, 1, 4),
(2546, 139, 1, 4),
(2547, 139, 1, 4),
(2548, 139, 1, 4),
(2549, 139, 1, 4),
(2550, 139, 1, 4),
(2551, 139, 1, 4),
(2552, 139, 1, 4),
(2553, 139, 1, 4),
(2554, 139, 1, 4),
(2555, 139, 1, 4),
(2556, 139, 1, 4),
(2557, 139, 1, 4),
(2558, 139, 1, 4),
(2559, 139, 1, 4),
(2560, 139, 1, 4),
(2561, 139, 1, 4),
(2562, 139, 1, 4),
(2563, 139, 1, 4),
(2564, 139, 1, 4),
(2565, 139, 1, 4),
(2566, 139, 1, 4),
(2567, 139, 1, 4),
(2568, 139, 1, 4),
(2569, 139, 1, 4),
(2570, 139, 1, 4),
(2571, 139, 1, 4),
(2572, 139, 1, 4),
(2573, 139, 1, 4),
(2574, 139, 1, 4),
(2575, 139, 1, 4),
(2576, 139, 1, 4),
(2577, 139, 1, 4),
(2578, 139, 1, 4),
(2579, 139, 1, 4),
(2580, 139, 1, 4),
(2581, 139, 1, 4),
(2582, 139, 1, 4),
(2583, 139, 1, 4),
(2584, 139, 1, 4),
(2585, 139, 1, 4),
(2586, 139, 1, 4),
(2587, 139, 1, 4),
(2588, 139, 1, 4),
(2589, 139, 1, 4),
(2590, 139, 1, 4),
(2591, 139, 1, 4),
(2592, 139, 1, 4),
(2593, 139, 1, 4),
(2594, 139, 1, 4),
(2595, 139, 1, 4),
(2596, 139, 1, 4),
(2597, 139, 1, 4),
(2598, 139, 1, 4),
(2599, 139, 1, 4),
(2600, 139, 1, 4),
(2601, 139, 1, 4),
(2602, 139, 1, 4),
(2603, 139, 1, 4),
(2604, 139, 1, 4),
(2605, 139, 1, 4),
(2606, 139, 1, 4),
(2607, 139, 1, 4),
(2608, 139, 1, 4),
(2609, 139, 1, 4),
(2610, 139, 1, 4),
(2611, 139, 1, 4),
(2612, 139, 1, 4),
(2613, 139, 1, 4),
(2614, 139, 1, 4),
(2615, 139, 1, 4),
(2616, 139, 1, 4),
(2617, 139, 1, 4),
(2618, 139, 1, 4),
(2619, 139, 1, 4),
(2620, 139, 1, 4),
(2621, 139, 1, 4),
(2622, 139, 1, 4),
(2623, 139, 1, 4),
(2624, 139, 1, 4),
(2625, 139, 1, 4),
(2626, 139, 1, 4),
(2627, 139, 1, 4),
(2628, 139, 1, 4),
(2629, 139, 1, 4),
(2630, 139, 1, 4),
(2631, 139, 1, 4),
(2632, 139, 1, 4),
(2633, 139, 1, 4),
(2634, 139, 1, 4),
(2635, 139, 1, 4),
(2636, 139, 1, 4),
(2637, 139, 1, 4),
(2638, 139, 1, 4),
(2639, 139, 1, 4),
(2640, 139, 1, 4),
(2641, 139, 1, 4),
(2642, 139, 1, 4),
(2643, 139, 1, 4),
(2644, 139, 1, 4),
(2645, 139, 1, 4),
(2646, 139, 1, 4),
(2647, 139, 1, 4),
(2648, 139, 1, 4),
(2649, 139, 1, 4),
(2650, 139, 1, 4),
(2651, 139, 1, 4),
(2652, 139, 1, 4),
(2653, 139, 1, 4),
(2654, 139, 1, 4),
(2655, 139, 1, 4),
(2656, 139, 1, 4),
(2657, 139, 1, 4),
(2658, 139, 1, 4),
(2659, 139, 1, 4),
(2660, 139, 1, 4),
(2661, 139, 1, 4),
(2662, 139, 1, 4),
(2663, 139, 1, 4),
(2664, 139, 1, 4),
(2665, 139, 1, 4),
(2666, 139, 1, 4),
(2667, 139, 1, 4),
(2668, 139, 1, 4),
(2669, 139, 1, 4),
(2670, 139, 1, 4),
(2671, 139, 1, 4),
(2672, 139, 1, 4),
(2673, 139, 1, 4),
(2674, 139, 1, 4),
(2675, 139, 1, 4),
(2676, 139, 1, 4),
(2677, 139, 1, 4),
(2678, 139, 1, 4),
(2679, 139, 1, 4),
(2680, 139, 1, 4),
(2681, 139, 1, 4),
(2682, 139, 1, 4),
(2683, 139, 1, 4),
(2684, 139, 1, 4),
(2685, 139, 1, 4),
(2686, 139, 1, 4),
(2687, 139, 1, 4),
(2688, 139, 1, 4),
(2689, 139, 1, 4),
(2690, 139, 1, 4),
(2691, 139, 1, 4),
(2692, 139, 1, 4),
(2693, 139, 1, 4),
(2694, 139, 1, 4),
(2695, 139, 1, 4),
(2696, 139, 1, 4),
(2697, 139, 1, 4),
(2698, 139, 1, 4),
(2699, 139, 1, 4),
(2700, 139, 1, 4),
(2701, 139, 1, 4),
(2702, 139, 1, 4),
(2703, 139, 1, 4),
(2704, 139, 1, 4),
(2705, 139, 1, 4),
(2706, 139, 1, 4),
(2707, 139, 1, 4),
(2708, 139, 1, 4),
(2709, 139, 1, 4),
(2710, 139, 1, 4),
(2711, 139, 1, 4),
(2712, 139, 1, 4),
(2713, 139, 1, 4),
(2714, 139, 1, 4),
(2715, 139, 1, 4),
(2716, 139, 1, 4),
(2717, 139, 1, 4),
(2718, 139, 1, 4),
(2719, 139, 1, 4),
(2720, 139, 1, 4),
(2721, 139, 1, 4),
(2722, 139, 1, 4),
(2723, 139, 1, 4),
(2724, 139, 1, 4),
(2725, 139, 1, 4),
(2726, 139, 1, 4),
(2727, 139, 1, 4),
(2728, 139, 1, 4),
(2729, 139, 1, 4),
(2730, 139, 1, 4),
(2731, 139, 1, 4),
(2732, 139, 1, 4),
(2733, 139, 1, 4),
(2734, 139, 1, 4),
(2735, 139, 1, 4),
(2736, 139, 1, 4),
(2737, 139, 1, 4),
(2738, 139, 1, 4),
(2739, 139, 1, 4),
(2740, 139, 1, 4),
(2741, 139, 1, 4),
(2742, 139, 1, 4),
(2743, 139, 1, 4),
(2744, 139, 1, 4),
(2745, 139, 1, 4),
(2746, 139, 1, 4),
(2747, 139, 1, 4),
(2748, 139, 1, 4),
(2749, 139, 1, 4),
(2750, 139, 1, 4),
(2751, 139, 1, 4),
(2752, 139, 1, 4),
(2753, 139, 1, 4),
(2754, 139, 1, 4),
(2755, 139, 1, 4),
(2756, 139, 1, 4),
(2757, 139, 1, 4),
(2758, 139, 1, 4),
(2759, 139, 1, 4),
(2760, 139, 1, 4),
(2761, 139, 1, 4),
(2762, 139, 1, 4),
(2763, 139, 1, 4),
(2764, 139, 1, 4),
(2765, 139, 1, 4),
(2766, 139, 1, 4),
(2767, 139, 1, 4),
(2768, 139, 1, 4),
(2769, 139, 1, 4),
(2770, 139, 1, 4),
(2771, 139, 1, 4),
(2772, 139, 1, 4),
(2773, 139, 1, 4),
(2774, 139, 1, 4),
(2775, 139, 1, 4),
(2776, 139, 1, 4),
(2777, 139, 1, 4),
(2778, 139, 1, 4),
(2779, 139, 1, 4),
(2780, 139, 1, 4),
(2781, 139, 1, 4),
(2782, 139, 1, 4),
(2783, 139, 1, 4),
(2784, 139, 1, 4),
(2785, 139, 1, 4),
(2786, 139, 1, 4),
(2787, 139, 1, 4),
(2788, 139, 1, 4),
(2789, 139, 1, 4),
(2790, 139, 1, 4),
(2791, 139, 1, 4),
(2792, 139, 1, 4),
(2793, 139, 1, 4),
(2794, 139, 1, 4),
(2795, 139, 1, 4),
(2796, 139, 1, 4),
(2797, 139, 1, 4),
(2798, 139, 1, 4),
(2799, 139, 1, 4),
(2800, 139, 1, 4),
(2801, 139, 1, 4),
(2802, 139, 1, 4),
(2803, 139, 1, 4),
(2804, 139, 1, 4),
(2805, 139, 1, 4),
(2806, 139, 1, 4),
(2807, 139, 1, 4),
(2808, 139, 1, 4),
(2809, 139, 1, 4),
(2810, 139, 1, 4),
(2811, 139, 1, 4),
(2812, 139, 1, 4),
(2813, 139, 1, 4),
(2814, 139, 1, 4),
(2815, 139, 1, 4),
(2816, 139, 1, 4),
(2817, 139, 1, 4),
(2818, 139, 1, 4),
(2819, 139, 1, 4),
(2820, 139, 1, 4),
(2821, 139, 1, 4),
(2822, 139, 1, 4),
(2823, 139, 1, 4),
(2824, 139, 1, 4),
(2825, 139, 1, 4),
(2826, 139, 1, 4),
(2827, 139, 1, 4),
(2828, 139, 1, 4),
(2829, 139, 1, 4),
(2830, 139, 1, 4),
(2831, 139, 1, 4),
(2832, 139, 1, 4),
(2833, 139, 1, 4),
(2834, 139, 1, 4),
(2835, 139, 1, 4),
(2836, 139, 1, 4),
(2837, 139, 1, 4),
(2838, 139, 1, 4),
(2839, 139, 1, 4),
(2840, 139, 1, 4),
(2841, 139, 1, 4),
(2842, 139, 1, 4),
(2843, 139, 1, 4),
(2844, 139, 1, 4),
(2845, 139, 1, 4),
(2846, 139, 1, 4),
(2847, 139, 1, 4),
(2848, 139, 1, 4),
(2849, 139, 1, 4),
(2850, 139, 1, 4),
(2851, 139, 1, 4),
(2852, 139, 1, 4),
(2853, 139, 1, 4),
(2854, 139, 1, 4),
(2855, 139, 1, 4),
(2856, 139, 1, 4),
(2857, 139, 1, 4),
(2858, 139, 1, 4),
(2859, 139, 1, 4),
(2860, 139, 1, 4),
(2861, 139, 1, 4),
(2862, 139, 1, 4),
(2863, 139, 1, 4),
(2864, 139, 1, 4),
(2865, 139, 1, 4),
(2866, 139, 1, 4),
(2867, 139, 1, 4),
(2868, 139, 1, 4),
(2869, 139, 1, 4),
(2870, 139, 1, 4),
(2871, 139, 1, 4),
(2872, 139, 1, 4),
(2873, 139, 1, 4),
(2874, 139, 1, 4),
(2875, 139, 1, 4),
(2876, 139, 1, 4),
(2877, 139, 1, 4),
(2878, 139, 1, 4),
(2879, 139, 1, 4),
(2880, 139, 1, 4),
(2881, 139, 1, 4),
(2882, 139, 1, 4),
(2883, 139, 1, 4),
(2884, 139, 1, 4),
(2885, 139, 1, 4),
(2886, 139, 1, 4),
(2887, 139, 1, 4),
(2888, 139, 1, 4),
(2889, 139, 1, 4),
(2890, 139, 1, 4),
(2891, 139, 1, 4),
(2892, 139, 1, 4),
(2893, 139, 1, 4),
(2894, 139, 1, 4),
(2895, 139, 1, 4),
(2896, 139, 1, 4),
(2897, 139, 1, 4),
(2898, 139, 1, 4),
(2899, 139, 1, 4),
(2900, 139, 1, 4),
(2901, 139, 1, 4),
(2902, 139, 1, 4),
(2903, 139, 1, 4),
(2904, 139, 1, 4),
(2905, 139, 1, 4),
(2906, 139, 1, 4),
(2907, 139, 1, 4),
(2908, 139, 1, 4),
(2909, 139, 1, 4),
(2910, 139, 1, 4),
(2911, 139, 1, 4),
(2912, 139, 1, 4),
(2913, 139, 1, 4),
(2914, 139, 1, 4),
(2915, 139, 1, 4),
(2916, 139, 1, 4),
(2917, 139, 1, 4),
(2918, 139, 1, 4),
(2919, 139, 1, 4),
(2920, 139, 1, 4),
(2921, 139, 1, 4),
(2922, 139, 1, 4),
(2923, 139, 1, 4),
(2924, 139, 1, 4),
(2925, 139, 1, 4),
(2926, 139, 1, 4),
(2927, 139, 1, 4),
(2928, 139, 1, 4),
(2929, 139, 1, 4),
(2930, 139, 1, 4),
(2931, 139, 1, 4),
(2932, 139, 1, 4),
(2933, 139, 1, 4),
(2934, 139, 1, 4),
(2935, 139, 1, 4),
(2936, 139, 1, 4),
(2937, 139, 1, 4),
(2938, 139, 1, 4),
(2939, 139, 1, 4),
(2940, 139, 1, 4),
(2941, 139, 1, 4),
(2942, 139, 1, 4),
(2943, 139, 1, 4),
(2944, 139, 1, 4),
(2945, 139, 1, 4),
(2946, 139, 1, 4),
(2947, 139, 1, 4),
(2948, 139, 1, 4),
(2949, 139, 1, 4),
(2950, 139, 1, 4),
(2951, 139, 1, 4),
(2952, 139, 1, 4),
(2953, 139, 1, 4),
(2954, 139, 1, 4),
(2955, 139, 1, 4),
(2956, 139, 1, 4),
(2957, 139, 1, 4),
(2958, 139, 1, 4),
(2959, 139, 1, 4),
(2960, 139, 1, 4),
(2961, 139, 1, 4),
(2962, 139, 1, 4),
(2963, 139, 1, 4),
(2964, 139, 1, 4),
(2965, 139, 1, 4),
(2966, 139, 1, 4),
(2967, 139, 1, 4),
(2968, 139, 1, 4),
(2969, 139, 1, 4),
(2970, 139, 1, 4),
(2971, 139, 1, 4),
(2972, 139, 1, 4),
(2973, 139, 1, 4),
(2974, 139, 1, 4),
(2975, 139, 1, 4),
(2976, 139, 1, 4),
(2977, 139, 1, 4),
(2978, 139, 1, 4),
(2979, 139, 1, 4),
(2980, 139, 1, 4),
(2981, 139, 1, 4),
(2982, 139, 1, 4),
(2983, 139, 1, 4),
(2984, 139, 1, 4),
(2985, 139, 1, 4),
(2986, 139, 1, 4),
(2987, 139, 1, 4),
(2988, 139, 1, 4),
(2989, 139, 1, 4),
(2990, 139, 1, 4),
(2991, 139, 1, 4),
(2992, 139, 1, 4),
(2993, 139, 1, 4),
(2994, 139, 1, 4),
(2995, 139, 1, 4),
(2996, 139, 1, 4),
(2997, 139, 1, 4),
(2998, 139, 1, 4),
(2999, 139, 1, 4),
(3000, 139, 1, 4),
(3001, 139, 1, 4),
(3002, 139, 1, 4),
(3003, 139, 1, 4),
(3004, 139, 1, 4),
(3005, 139, 1, 4),
(3006, 139, 1, 4),
(3007, 139, 1, 4),
(3008, 139, 1, 4),
(3009, 139, 1, 4),
(3010, 139, 1, 4),
(3011, 139, 1, 4),
(3012, 139, 1, 4),
(3013, 139, 1, 4),
(3014, 139, 1, 4),
(3015, 139, 1, 4),
(3016, 139, 1, 4),
(3017, 139, 1, 4),
(3018, 139, 1, 4),
(3019, 139, 1, 4),
(3020, 139, 1, 4),
(3021, 139, 1, 4),
(3022, 139, 1, 4),
(3023, 139, 1, 4),
(3024, 139, 1, 4),
(3025, 139, 1, 4),
(3026, 139, 1, 4),
(3027, 139, 1, 4),
(3028, 139, 1, 4),
(3029, 139, 1, 4),
(3030, 139, 1, 4),
(3031, 139, 1, 4),
(3032, 139, 1, 4),
(3033, 139, 1, 4),
(3034, 139, 1, 4),
(3035, 139, 1, 4),
(3036, 139, 1, 4),
(3037, 139, 1, 4),
(3038, 139, 1, 4),
(3039, 139, 1, 4),
(3040, 139, 1, 4),
(3041, 139, 1, 4),
(3042, 139, 1, 4),
(3043, 139, 1, 4),
(3044, 139, 1, 4),
(3045, 139, 1, 4),
(3046, 139, 1, 4),
(3047, 139, 1, 4),
(3048, 139, 1, 4),
(3049, 139, 1, 4),
(3050, 139, 1, 4),
(3051, 139, 1, 4),
(3052, 139, 1, 4),
(3053, 139, 1, 4),
(3054, 139, 1, 4),
(3055, 139, 1, 4),
(3056, 139, 1, 4),
(3057, 139, 1, 4),
(3058, 139, 1, 4),
(3059, 139, 1, 4),
(3060, 139, 1, 4),
(3061, 139, 1, 4),
(3062, 139, 1, 4),
(3063, 139, 1, 4),
(3064, 139, 1, 4),
(3065, 139, 1, 4),
(3066, 139, 1, 4),
(3067, 139, 1, 4),
(3068, 139, 1, 4),
(3069, 139, 1, 4),
(3070, 139, 1, 4),
(3071, 139, 1, 4),
(3072, 139, 1, 4),
(3073, 139, 1, 4),
(3074, 139, 1, 4),
(3075, 139, 1, 4),
(3076, 139, 1, 4),
(3077, 139, 1, 4),
(3078, 139, 1, 4),
(3079, 139, 1, 4),
(3080, 139, 1, 4),
(3081, 139, 1, 4),
(3082, 139, 1, 4),
(3083, 139, 1, 4),
(3084, 139, 1, 4),
(3085, 139, 1, 4),
(3086, 139, 1, 4),
(3087, 139, 1, 4),
(3088, 139, 1, 4),
(3089, 139, 1, 4),
(3090, 139, 1, 4),
(3091, 139, 1, 4),
(3092, 139, 1, 4),
(3093, 139, 1, 4),
(3094, 139, 1, 4),
(3095, 139, 1, 4),
(3096, 139, 1, 4),
(3097, 139, 1, 4),
(3098, 139, 1, 4),
(3099, 139, 1, 4),
(3100, 139, 1, 4),
(3101, 139, 1, 4),
(3102, 139, 1, 4),
(3103, 139, 1, 4),
(3104, 139, 1, 4),
(3105, 139, 1, 4),
(3106, 139, 1, 4),
(3107, 139, 1, 4),
(3108, 139, 1, 4),
(3109, 139, 1, 4),
(3110, 139, 1, 4),
(3111, 139, 1, 4),
(3112, 139, 1, 4),
(3113, 139, 1, 4),
(3114, 139, 1, 4);
INSERT INTO `detail_hasil` (`id_detail_hasil`, `id_hasil`, `id_pernyataan`, `nilai`) VALUES
(3115, 139, 1, 4),
(3116, 139, 1, 4),
(3117, 139, 1, 4),
(3118, 139, 1, 4),
(3119, 139, 1, 4),
(3120, 139, 1, 4),
(3121, 139, 1, 4),
(3122, 139, 1, 4),
(3123, 139, 1, 4),
(3124, 139, 1, 4),
(3125, 139, 1, 4),
(3126, 139, 1, 4),
(3127, 139, 1, 4),
(3128, 139, 1, 4),
(3129, 139, 1, 4),
(3130, 139, 1, 4),
(3131, 139, 1, 4),
(3132, 139, 1, 4),
(3133, 139, 1, 4),
(3134, 139, 1, 4),
(3135, 139, 1, 4),
(3136, 139, 1, 4),
(3137, 139, 1, 4),
(3138, 139, 1, 4),
(3139, 139, 1, 4),
(3140, 139, 1, 4),
(3141, 139, 1, 4),
(3142, 139, 1, 4),
(3143, 139, 1, 4),
(3144, 139, 1, 4),
(3145, 139, 1, 4),
(3146, 139, 1, 4),
(3147, 139, 1, 4),
(3148, 139, 1, 4),
(3149, 139, 1, 4),
(3150, 139, 1, 4),
(3151, 139, 1, 4),
(3152, 139, 1, 4),
(3153, 139, 1, 4),
(3154, 139, 1, 4),
(3155, 139, 1, 4),
(3156, 139, 1, 4),
(3157, 139, 1, 4),
(3158, 139, 1, 4),
(3159, 139, 1, 4),
(3160, 139, 1, 4),
(3161, 139, 1, 4),
(3162, 139, 1, 4),
(3163, 139, 1, 4),
(3164, 139, 1, 4),
(3165, 139, 1, 4),
(3166, 139, 1, 4),
(3167, 139, 1, 4),
(3168, 139, 1, 4),
(3169, 139, 1, 4),
(3170, 139, 1, 4),
(3171, 139, 1, 4),
(3172, 139, 1, 4),
(3173, 139, 1, 4),
(3174, 139, 1, 4),
(3175, 139, 1, 4),
(3176, 139, 1, 4),
(3177, 139, 1, 4),
(3178, 139, 1, 4),
(3179, 139, 1, 4),
(3180, 139, 1, 4),
(3181, 139, 1, 4),
(3182, 139, 1, 4),
(3183, 139, 1, 4),
(3184, 139, 1, 4),
(3185, 139, 1, 4),
(3186, 139, 1, 4),
(3187, 139, 1, 4),
(3188, 139, 1, 4),
(3189, 139, 1, 4),
(3190, 139, 1, 4),
(3191, 139, 1, 4),
(3192, 139, 1, 4),
(3193, 139, 1, 4),
(3194, 139, 1, 4),
(3195, 139, 1, 4),
(3196, 139, 1, 4),
(3197, 139, 1, 4),
(3198, 139, 1, 4),
(3199, 139, 1, 4),
(3200, 139, 1, 4),
(3201, 139, 1, 4),
(3202, 139, 1, 4),
(3203, 139, 1, 4),
(3204, 139, 1, 4),
(3205, 139, 1, 4),
(3206, 139, 1, 4),
(3207, 139, 1, 4),
(3208, 139, 1, 4),
(3209, 139, 1, 4),
(3210, 139, 1, 4),
(3211, 139, 1, 4),
(3212, 139, 1, 4),
(3213, 139, 1, 4),
(3214, 139, 1, 4),
(3215, 139, 1, 4),
(3216, 139, 1, 4),
(3217, 139, 1, 4),
(3218, 139, 1, 4),
(3219, 139, 1, 4),
(3220, 139, 1, 4),
(3221, 139, 1, 4),
(3222, 139, 1, 4),
(3223, 139, 1, 4),
(3224, 139, 1, 4),
(3225, 139, 1, 4),
(3226, 139, 1, 4),
(3227, 139, 1, 4),
(3228, 139, 1, 4),
(3229, 139, 1, 4),
(3230, 139, 1, 4),
(3231, 139, 1, 4),
(3232, 139, 1, 4),
(3233, 139, 1, 4),
(3234, 139, 1, 4),
(3235, 139, 1, 4),
(3236, 139, 1, 4),
(3237, 139, 1, 4),
(3238, 139, 1, 4),
(3239, 139, 1, 4),
(3240, 139, 1, 4),
(3241, 139, 1, 4),
(3242, 139, 1, 4),
(3243, 139, 1, 4),
(3244, 139, 1, 4),
(3245, 139, 1, 4),
(3246, 139, 1, 4),
(3247, 139, 1, 4),
(3248, 139, 1, 4),
(3249, 139, 1, 4),
(3250, 139, 1, 4),
(3251, 139, 1, 4),
(3252, 139, 1, 4),
(3253, 139, 1, 4),
(3254, 139, 1, 4),
(3255, 139, 1, 4),
(3256, 139, 1, 4),
(3257, 139, 1, 4),
(3258, 139, 1, 4),
(3259, 139, 1, 4),
(3260, 139, 1, 4),
(3261, 139, 1, 4),
(3262, 139, 1, 4),
(3263, 139, 1, 4),
(3264, 139, 1, 4),
(3265, 139, 1, 4),
(3266, 139, 1, 4),
(3267, 139, 1, 4),
(3268, 139, 1, 4),
(3269, 139, 1, 4),
(3270, 139, 1, 4),
(3271, 139, 1, 4),
(3272, 139, 1, 4),
(3273, 139, 1, 4),
(3274, 139, 1, 4),
(3275, 139, 1, 4),
(3276, 139, 1, 4),
(3277, 139, 1, 4),
(3278, 139, 1, 4),
(3279, 139, 1, 4),
(3280, 139, 1, 4),
(3281, 139, 1, 4),
(3282, 139, 1, 4),
(3283, 139, 1, 4),
(3284, 139, 1, 4),
(3285, 139, 1, 4),
(3286, 139, 1, 4),
(3287, 139, 1, 4),
(3288, 139, 1, 4),
(3289, 139, 1, 4),
(3290, 139, 1, 4),
(3291, 139, 1, 4),
(3292, 139, 1, 4),
(3293, 139, 1, 4),
(3294, 139, 1, 4),
(3295, 139, 1, 4),
(3296, 139, 1, 4),
(3297, 139, 1, 4),
(3298, 139, 1, 4),
(3299, 139, 1, 4),
(3300, 139, 1, 4),
(3301, 139, 1, 4),
(3302, 139, 1, 4),
(3303, 139, 1, 4),
(3304, 139, 1, 4),
(3305, 139, 1, 4),
(3306, 139, 1, 4),
(3307, 139, 1, 4),
(3308, 139, 1, 4),
(3309, 139, 1, 4),
(3310, 139, 1, 4),
(3311, 139, 1, 4),
(3312, 139, 1, 4),
(3313, 139, 1, 4),
(3314, 139, 1, 4),
(3315, 139, 1, 4),
(3316, 139, 1, 4),
(3317, 139, 1, 4),
(3318, 139, 1, 4),
(3319, 139, 1, 4),
(3320, 139, 1, 4),
(3321, 139, 1, 4),
(3322, 139, 1, 4),
(3323, 139, 1, 4),
(3324, 139, 1, 4),
(3325, 139, 1, 4),
(3326, 139, 1, 4),
(3327, 139, 1, 4),
(3328, 139, 1, 4),
(3329, 139, 1, 4),
(3330, 139, 1, 4),
(3331, 139, 1, 4),
(3332, 139, 1, 4),
(3333, 139, 1, 4),
(3334, 139, 1, 4),
(3335, 139, 1, 4),
(3336, 139, 1, 4),
(3337, 139, 1, 4),
(3338, 139, 1, 4),
(3339, 139, 1, 4),
(3340, 139, 1, 4),
(3341, 139, 1, 4),
(3342, 139, 1, 4),
(3343, 139, 1, 4),
(3344, 139, 1, 4),
(3345, 139, 1, 4),
(3346, 139, 1, 4),
(3347, 139, 1, 4),
(3348, 139, 1, 4),
(3349, 139, 1, 4),
(3350, 139, 1, 4),
(3351, 139, 1, 4),
(3352, 139, 1, 4),
(3353, 139, 1, 4),
(3354, 139, 1, 4),
(3355, 139, 1, 4),
(3356, 139, 1, 4),
(3357, 139, 1, 4),
(3358, 139, 1, 4),
(3359, 139, 1, 4),
(3360, 139, 1, 4),
(3361, 139, 1, 4),
(3362, 139, 1, 4),
(3363, 139, 1, 4),
(3364, 139, 1, 4),
(3365, 139, 1, 4),
(3366, 139, 1, 4),
(3367, 139, 1, 4),
(3368, 139, 1, 4),
(3369, 139, 1, 4),
(3370, 139, 1, 4),
(3371, 139, 1, 4),
(3372, 139, 1, 4),
(3373, 139, 1, 4),
(3374, 139, 1, 4),
(3375, 139, 1, 4),
(3376, 139, 1, 4),
(3377, 139, 1, 4),
(3378, 139, 1, 4),
(3379, 139, 1, 4),
(3380, 139, 1, 4),
(3381, 139, 1, 4),
(3382, 139, 1, 4),
(3383, 139, 1, 4),
(3384, 139, 1, 4),
(3385, 139, 1, 4),
(3386, 139, 1, 4),
(3387, 139, 1, 4),
(3388, 139, 1, 4),
(3389, 139, 1, 4),
(3390, 139, 1, 4),
(3391, 139, 1, 4),
(3392, 139, 1, 4),
(3393, 139, 1, 4),
(3394, 139, 1, 4),
(3395, 139, 1, 4),
(3396, 139, 1, 4),
(3397, 139, 1, 4),
(3398, 139, 1, 4),
(3399, 139, 1, 4),
(3400, 139, 1, 4),
(3401, 139, 1, 4),
(3402, 139, 1, 4),
(3403, 139, 1, 4),
(3404, 139, 1, 4),
(3405, 139, 1, 4),
(3406, 139, 1, 4),
(3407, 139, 1, 4),
(3408, 139, 1, 4),
(3409, 139, 1, 4),
(3410, 139, 1, 4),
(3411, 139, 1, 4),
(3412, 139, 1, 4),
(3413, 139, 1, 4),
(3414, 139, 1, 4),
(3415, 139, 1, 4),
(3416, 139, 1, 4),
(3417, 139, 1, 4),
(3418, 139, 1, 4),
(3419, 139, 1, 4),
(3420, 139, 1, 4),
(3421, 139, 1, 4),
(3422, 139, 1, 4),
(3423, 139, 1, 4),
(3424, 139, 1, 4),
(3425, 139, 1, 4),
(3426, 139, 1, 4),
(3427, 139, 1, 4),
(3428, 139, 1, 4),
(3429, 139, 1, 4),
(3430, 139, 1, 4),
(3431, 139, 1, 4),
(3432, 139, 1, 4),
(3433, 139, 1, 4),
(3434, 139, 1, 4),
(3435, 139, 1, 4),
(3436, 139, 1, 4),
(3437, 139, 1, 4),
(3438, 139, 1, 4),
(3439, 139, 1, 4),
(3440, 139, 1, 4),
(3441, 139, 1, 4),
(3442, 139, 1, 4),
(3443, 139, 1, 4),
(3444, 139, 1, 4),
(3445, 139, 1, 4),
(3446, 139, 1, 4),
(3447, 139, 1, 4),
(3448, 139, 1, 4),
(3449, 139, 1, 4),
(3450, 139, 1, 4),
(3451, 139, 1, 4),
(3452, 139, 1, 4),
(3453, 139, 1, 4),
(3454, 139, 1, 4),
(3455, 139, 1, 4),
(3456, 139, 1, 4),
(3457, 139, 1, 4),
(3458, 139, 1, 4),
(3459, 139, 1, 4),
(3460, 139, 1, 4),
(3461, 139, 1, 4),
(3462, 139, 1, 4),
(3463, 139, 1, 4),
(3464, 139, 1, 4),
(3465, 139, 1, 4),
(3466, 139, 1, 4),
(3467, 139, 1, 4),
(3468, 139, 1, 4),
(3469, 139, 1, 4),
(3470, 139, 1, 4),
(3471, 139, 1, 4),
(3472, 139, 1, 4),
(3473, 139, 1, 4),
(3474, 139, 1, 4),
(3475, 139, 1, 4),
(3476, 139, 1, 4),
(3477, 139, 1, 4),
(3478, 139, 1, 4),
(3479, 139, 1, 4),
(3480, 139, 1, 4),
(3481, 139, 1, 4),
(3482, 139, 1, 4),
(3483, 139, 1, 4),
(3484, 139, 1, 4),
(3485, 139, 1, 4),
(3486, 139, 1, 4),
(3487, 139, 1, 4),
(3488, 139, 1, 4),
(3489, 139, 1, 4),
(3490, 139, 1, 4),
(3491, 139, 1, 4),
(3492, 139, 1, 4),
(3493, 139, 1, 4),
(3494, 139, 1, 4),
(3495, 139, 1, 4),
(3496, 139, 1, 4),
(3497, 139, 1, 4),
(3498, 139, 1, 4),
(3499, 139, 1, 4),
(3500, 139, 1, 4),
(3501, 139, 1, 4),
(3502, 139, 1, 4),
(3503, 139, 1, 4),
(3504, 139, 1, 4),
(3505, 139, 1, 4),
(3506, 139, 1, 4),
(3507, 139, 1, 4),
(3508, 139, 1, 4),
(3509, 139, 1, 4),
(3510, 139, 1, 4),
(3511, 139, 1, 4),
(3512, 139, 1, 4),
(3513, 139, 1, 4),
(3514, 139, 1, 4),
(3515, 139, 1, 4),
(3516, 139, 1, 4),
(3517, 139, 1, 4),
(3518, 139, 1, 4),
(3519, 139, 1, 4),
(3520, 139, 1, 4),
(3521, 139, 1, 4),
(3522, 139, 1, 4),
(3523, 139, 1, 4),
(3524, 139, 1, 4),
(3525, 139, 1, 4),
(3526, 139, 1, 4),
(3527, 139, 1, 4),
(3528, 139, 1, 4),
(3529, 139, 1, 4),
(3530, 139, 1, 4),
(3531, 139, 1, 4),
(3532, 139, 1, 4),
(3533, 139, 1, 4),
(3534, 139, 1, 4),
(3535, 139, 1, 4),
(3536, 139, 1, 4),
(3537, 139, 1, 4),
(3538, 139, 1, 4),
(3539, 139, 1, 4),
(3540, 139, 1, 4),
(3541, 139, 1, 4),
(3542, 139, 1, 4),
(3543, 139, 1, 4),
(3544, 139, 1, 4),
(3545, 139, 1, 4),
(3546, 139, 1, 4),
(3547, 139, 1, 4),
(3548, 139, 1, 4),
(3549, 139, 1, 4),
(3550, 139, 1, 4),
(3551, 139, 1, 4),
(3552, 139, 1, 4),
(3553, 139, 1, 4),
(3554, 139, 1, 4),
(3555, 139, 1, 4),
(3556, 139, 1, 4),
(3557, 139, 1, 4),
(3558, 139, 1, 4),
(3559, 139, 1, 4),
(3560, 139, 1, 4),
(3561, 139, 1, 4),
(3562, 139, 1, 4),
(3563, 139, 1, 4),
(3564, 139, 1, 4),
(3565, 139, 1, 4),
(3566, 139, 1, 4),
(3567, 139, 1, 4),
(3568, 139, 1, 4),
(3569, 139, 1, 4),
(3570, 139, 1, 4),
(3571, 139, 1, 4),
(3572, 139, 1, 4),
(3573, 139, 1, 4),
(3574, 139, 1, 4),
(3575, 139, 1, 4),
(3576, 139, 1, 4),
(3577, 139, 1, 4),
(3578, 139, 1, 4),
(3579, 139, 1, 4),
(3580, 139, 1, 4),
(3581, 139, 1, 4),
(3582, 139, 1, 4),
(3583, 139, 1, 4),
(3584, 139, 1, 4),
(3585, 139, 1, 4),
(3586, 139, 1, 4),
(3587, 139, 1, 4),
(3588, 139, 1, 4),
(3589, 139, 1, 4),
(3590, 139, 1, 4),
(3591, 139, 1, 4),
(3592, 139, 1, 4),
(3593, 139, 1, 4),
(3594, 139, 1, 4),
(3595, 139, 1, 4),
(3596, 139, 1, 4),
(3597, 139, 1, 4),
(3598, 139, 1, 4),
(3599, 139, 1, 4),
(3600, 139, 1, 4),
(3601, 139, 1, 4),
(3602, 139, 1, 4),
(3603, 139, 1, 4),
(3604, 139, 1, 4),
(3605, 139, 1, 4),
(3606, 139, 1, 4),
(3607, 139, 1, 4),
(3608, 139, 1, 4),
(3609, 139, 1, 4),
(3610, 139, 1, 4),
(3611, 139, 1, 4),
(3612, 139, 1, 4),
(3613, 139, 1, 4),
(3614, 139, 1, 4),
(3615, 139, 1, 4),
(3616, 139, 1, 4),
(3617, 139, 1, 4),
(3618, 139, 1, 4),
(3619, 139, 1, 4),
(3620, 139, 1, 4),
(3621, 139, 1, 4),
(3622, 139, 1, 4),
(3623, 139, 1, 4),
(3624, 139, 1, 4),
(3625, 139, 1, 4),
(3626, 139, 1, 4),
(3627, 139, 1, 4),
(3628, 139, 1, 4),
(3629, 139, 1, 4),
(3630, 139, 1, 4),
(3631, 139, 1, 4),
(3632, 139, 1, 4),
(3633, 139, 1, 4),
(3634, 139, 1, 4),
(3635, 139, 1, 4),
(3636, 139, 1, 4),
(3637, 139, 1, 4),
(3638, 139, 1, 4),
(3639, 139, 1, 4),
(3640, 139, 1, 4),
(3641, 139, 1, 4),
(3642, 139, 1, 4),
(3643, 139, 1, 4),
(3644, 139, 1, 4),
(3645, 139, 1, 4),
(3646, 139, 1, 4),
(3647, 139, 1, 4),
(3648, 139, 1, 4),
(3649, 139, 1, 4),
(3650, 139, 1, 4),
(3651, 139, 1, 4),
(3652, 139, 1, 4),
(3653, 139, 1, 4),
(3654, 139, 1, 4),
(3655, 139, 1, 4),
(3656, 139, 1, 4),
(3657, 139, 1, 4),
(3658, 139, 1, 4),
(3659, 139, 1, 4),
(3660, 139, 1, 4),
(3661, 139, 1, 4),
(3662, 139, 1, 4),
(3663, 139, 1, 4),
(3664, 139, 1, 4),
(3665, 139, 1, 4),
(3666, 139, 1, 4),
(3667, 139, 1, 4),
(3668, 139, 1, 4),
(3669, 139, 1, 4),
(3670, 139, 1, 4),
(3671, 139, 1, 4),
(3672, 139, 1, 4),
(3673, 139, 1, 4),
(3674, 139, 1, 4),
(3675, 139, 1, 4),
(3676, 139, 1, 4),
(3677, 139, 1, 4),
(3678, 139, 1, 4),
(3679, 139, 1, 4),
(3680, 139, 1, 4),
(3681, 139, 1, 4),
(3682, 139, 1, 4),
(3683, 139, 1, 4),
(3684, 139, 1, 4),
(3685, 139, 1, 4),
(3686, 139, 1, 4),
(3687, 139, 1, 4),
(3688, 139, 1, 4),
(3689, 139, 1, 4),
(3690, 139, 1, 4),
(3691, 139, 1, 4),
(3692, 139, 1, 4),
(3693, 139, 1, 4),
(3694, 139, 1, 4),
(3695, 139, 1, 4),
(3696, 139, 1, 4),
(3697, 139, 1, 4),
(3698, 139, 1, 4),
(3699, 139, 1, 4),
(3700, 139, 1, 4),
(3701, 139, 1, 4),
(3702, 139, 1, 4),
(3703, 139, 1, 4),
(3704, 139, 1, 4),
(3705, 139, 1, 4),
(3706, 139, 1, 4),
(3707, 139, 1, 4),
(3708, 139, 1, 4),
(3709, 139, 1, 4),
(3710, 139, 1, 4),
(3711, 139, 1, 4),
(3712, 139, 1, 4),
(3713, 139, 1, 4),
(3714, 139, 1, 4),
(3715, 139, 1, 4),
(3716, 139, 1, 4),
(3717, 139, 1, 4),
(3718, 139, 1, 4),
(3719, 139, 1, 4),
(3720, 139, 1, 4),
(3721, 139, 1, 4),
(3722, 139, 1, 4),
(3723, 139, 1, 4),
(3724, 139, 1, 4),
(3725, 139, 1, 4),
(3726, 139, 1, 4),
(3727, 139, 1, 4),
(3728, 139, 1, 4),
(3729, 139, 1, 4),
(3730, 139, 1, 4),
(3731, 139, 1, 4),
(3732, 139, 1, 4),
(3733, 139, 1, 4),
(3734, 139, 1, 4),
(3735, 139, 1, 4),
(3736, 139, 1, 4),
(3737, 139, 1, 4),
(3738, 139, 1, 4),
(3739, 139, 1, 4),
(3740, 139, 1, 4),
(3741, 139, 1, 4),
(3742, 139, 1, 4),
(3743, 139, 1, 4),
(3744, 139, 1, 4),
(3745, 139, 1, 4),
(3746, 139, 1, 4),
(3747, 139, 1, 4),
(3748, 139, 1, 4),
(3749, 139, 1, 4),
(3750, 139, 1, 4),
(3751, 139, 1, 4),
(3752, 139, 1, 4),
(3753, 139, 1, 4),
(3754, 139, 1, 4),
(3755, 139, 1, 4),
(3756, 139, 1, 4),
(3757, 139, 1, 4),
(3758, 139, 1, 4),
(3759, 139, 1, 4),
(3760, 139, 1, 4),
(3761, 139, 1, 4),
(3762, 139, 1, 4),
(3763, 139, 1, 4),
(3764, 139, 1, 4),
(3765, 139, 1, 4),
(3766, 139, 1, 4),
(3767, 139, 1, 4),
(3768, 139, 1, 4),
(3769, 139, 1, 4),
(3770, 139, 1, 4),
(3771, 139, 1, 4),
(3772, 139, 1, 4),
(3773, 139, 1, 4),
(3774, 139, 1, 4),
(3775, 139, 1, 4),
(3776, 139, 1, 4),
(3777, 139, 1, 4),
(3778, 139, 1, 4),
(3779, 139, 1, 4),
(3780, 139, 1, 4),
(3781, 139, 1, 4),
(3782, 139, 1, 4),
(3783, 139, 1, 4),
(3784, 139, 1, 4),
(3785, 139, 1, 4),
(3786, 139, 1, 4),
(3787, 139, 1, 4),
(3788, 139, 1, 4),
(3789, 139, 1, 4),
(3790, 139, 1, 4),
(3791, 139, 1, 4),
(3792, 139, 1, 4),
(3793, 139, 1, 4),
(3794, 139, 1, 4),
(3795, 139, 1, 4),
(3796, 139, 1, 4),
(3797, 139, 1, 4),
(3798, 139, 1, 4),
(3799, 139, 1, 4),
(3800, 139, 1, 4),
(3801, 139, 1, 4),
(3802, 139, 1, 4),
(3803, 139, 1, 4),
(3804, 139, 1, 4),
(3805, 139, 1, 4),
(3806, 139, 1, 4),
(3807, 139, 1, 4),
(3808, 139, 1, 4),
(3809, 139, 1, 4),
(3810, 139, 1, 4),
(3811, 139, 1, 4),
(3812, 139, 1, 4),
(3813, 139, 1, 4),
(3814, 139, 1, 4),
(3815, 139, 1, 4),
(3816, 139, 1, 4),
(3817, 139, 1, 4),
(3818, 139, 1, 4),
(3819, 139, 1, 4),
(3820, 139, 1, 4),
(3821, 139, 1, 4),
(3822, 139, 1, 4),
(3823, 139, 1, 4),
(3824, 139, 1, 4),
(3825, 139, 1, 4),
(3826, 139, 1, 4),
(3827, 139, 1, 4),
(3828, 139, 1, 4),
(3829, 139, 1, 4),
(3830, 139, 1, 4),
(3831, 139, 1, 4),
(3832, 139, 1, 4),
(3833, 139, 1, 4),
(3834, 139, 1, 4),
(3835, 139, 1, 4),
(3836, 139, 1, 4),
(3837, 139, 1, 4),
(3838, 139, 1, 4),
(3839, 139, 1, 4),
(3840, 139, 1, 4),
(3841, 139, 1, 4),
(3842, 139, 1, 4),
(3843, 139, 1, 4),
(3844, 139, 1, 4),
(3845, 139, 1, 4),
(3846, 139, 1, 4),
(3847, 139, 1, 4),
(3848, 139, 1, 4),
(3849, 139, 1, 4),
(3850, 139, 1, 4),
(3851, 139, 1, 4),
(3852, 139, 1, 4),
(3853, 139, 1, 4),
(3854, 139, 1, 4),
(3855, 139, 1, 4),
(3856, 139, 1, 4),
(3857, 139, 1, 4),
(3858, 139, 1, 4),
(3859, 139, 1, 4),
(3860, 139, 1, 4),
(3861, 139, 1, 4),
(3862, 139, 1, 4),
(3863, 139, 1, 4),
(3864, 139, 1, 4),
(3865, 139, 1, 4),
(3866, 139, 1, 4),
(3867, 139, 1, 4),
(3868, 139, 1, 4),
(3869, 139, 1, 4),
(3870, 139, 1, 4),
(3871, 139, 1, 4),
(3872, 139, 1, 4),
(3873, 139, 1, 4),
(3874, 139, 1, 4),
(3875, 139, 1, 4),
(3876, 139, 1, 4),
(3877, 139, 1, 4),
(3878, 139, 1, 4),
(3879, 139, 1, 4),
(3880, 139, 1, 4),
(3881, 139, 1, 4),
(3882, 139, 1, 4),
(3883, 139, 1, 4),
(3884, 139, 1, 4),
(3885, 139, 1, 4),
(3886, 139, 1, 4),
(3887, 139, 1, 4),
(3888, 139, 1, 4),
(3889, 139, 1, 4),
(3890, 139, 1, 4),
(3891, 139, 1, 4),
(3892, 139, 1, 4),
(3893, 139, 1, 4),
(3894, 139, 1, 4),
(3895, 139, 1, 4),
(3896, 139, 1, 4),
(3897, 139, 1, 4),
(3898, 139, 1, 4),
(3899, 139, 1, 4),
(3900, 139, 1, 4),
(3901, 139, 1, 4),
(3902, 139, 1, 4),
(3903, 139, 1, 4),
(3904, 139, 1, 4),
(3905, 139, 1, 4),
(3906, 139, 1, 4),
(3907, 139, 1, 4),
(3908, 139, 1, 4),
(3909, 139, 1, 4),
(3910, 139, 1, 4),
(3911, 139, 1, 4),
(3912, 139, 1, 4),
(3913, 139, 1, 4),
(3914, 139, 1, 4),
(3915, 139, 1, 4),
(3916, 139, 1, 4),
(3917, 139, 1, 4),
(3918, 139, 1, 4),
(3919, 139, 1, 4),
(3920, 139, 1, 4),
(3921, 139, 1, 4),
(3922, 139, 1, 4),
(3923, 139, 1, 4),
(3924, 139, 1, 4),
(3925, 139, 1, 4),
(3926, 139, 1, 4),
(3927, 139, 1, 4),
(3928, 139, 1, 4),
(3929, 139, 1, 4),
(3930, 139, 1, 4),
(3931, 139, 1, 4),
(3932, 139, 1, 4),
(3933, 139, 1, 4),
(3934, 139, 1, 4),
(3935, 139, 1, 4),
(3936, 140, 2, 4),
(3937, 140, 3, 4),
(3938, 140, 4, 4),
(3939, 140, 5, 4),
(3940, 140, 6, 4),
(3941, 140, 7, 4),
(3942, 140, 8, 4),
(3943, 140, 9, 4),
(3944, 140, 10, 4),
(3945, 140, 11, 4),
(3946, 140, 12, 4),
(3947, 140, 13, 4),
(3948, 140, 14, 4),
(3949, 140, 15, 4),
(3950, 140, 16, 4),
(3951, 140, 17, 4),
(3952, 140, 18, 4),
(3953, 140, 19, 4),
(3954, 140, 20, 4),
(3955, 140, 21, 4),
(3956, 140, 22, 4),
(3957, 140, 23, 4),
(3958, 140, 24, 4),
(3959, 140, 25, 4),
(3960, 140, 26, 4),
(3961, 140, 27, 4),
(3962, 140, 2, 4),
(3963, 140, 3, 4),
(3964, 140, 4, 4),
(3965, 140, 5, 4),
(3966, 140, 6, 4),
(3967, 140, 7, 4),
(3968, 140, 8, 4),
(3969, 140, 9, 4),
(3970, 140, 10, 4),
(3971, 140, 11, 4),
(3972, 140, 12, 4),
(3973, 140, 13, 4),
(3974, 140, 14, 4),
(3975, 140, 15, 4),
(3976, 140, 16, 4),
(3977, 140, 17, 4),
(3978, 140, 18, 4),
(3979, 140, 19, 4),
(3980, 140, 20, 4),
(3981, 140, 21, 4),
(3982, 140, 22, 4),
(3983, 140, 23, 4),
(3984, 140, 24, 4),
(3985, 140, 25, 4),
(3986, 140, 26, 4),
(3987, 140, 27, 3),
(3988, 141, 1, 4),
(3989, 141, 2, 4),
(3990, 141, 3, 4),
(3991, 141, 4, 4),
(3992, 141, 5, 4),
(3993, 141, 6, 4),
(3994, 141, 7, 4),
(3995, 141, 8, 4),
(3996, 141, 9, 4),
(3997, 141, 10, 4),
(3998, 141, 11, 4),
(3999, 141, 12, 3),
(4000, 141, 13, 4),
(4001, 141, 14, 4),
(4002, 141, 15, 4),
(4003, 141, 16, 4),
(4004, 141, 17, 4),
(4005, 141, 18, 4),
(4006, 141, 19, 4),
(4007, 141, 20, 4),
(4008, 141, 21, 4),
(4009, 141, 22, 4),
(4010, 141, 23, 4),
(4011, 141, 24, 4),
(4012, 141, 25, 4),
(4013, 141, 26, 4),
(4014, 141, 27, 4),
(4015, 141, 1, 4),
(4016, 141, 2, 4),
(4017, 141, 3, 4),
(4018, 141, 4, 4),
(4019, 141, 5, 4),
(4020, 141, 6, 4),
(4021, 141, 7, 4),
(4022, 141, 8, 4),
(4023, 141, 9, 4),
(4024, 141, 10, 4),
(4025, 141, 11, 4),
(4026, 141, 12, 3),
(4027, 141, 13, 4),
(4028, 141, 14, 4),
(4029, 141, 15, 4),
(4030, 141, 16, 4),
(4031, 141, 17, 4),
(4032, 141, 18, 4),
(4033, 141, 19, 4),
(4034, 141, 20, 4),
(4035, 141, 21, 4),
(4036, 141, 22, 4),
(4037, 141, 23, 4),
(4038, 141, 24, 4),
(4039, 141, 25, 4),
(4040, 141, 26, 4),
(4041, 141, 27, 4),
(4042, 141, 1, 4),
(4043, 141, 2, 4),
(4044, 141, 3, 4),
(4045, 141, 4, 4),
(4046, 141, 5, 4),
(4047, 141, 6, 4),
(4048, 141, 7, 4),
(4049, 141, 8, 4),
(4050, 141, 9, 4),
(4051, 141, 10, 4),
(4052, 141, 11, 4),
(4053, 141, 12, 3),
(4054, 141, 13, 4),
(4055, 141, 14, 4),
(4056, 141, 15, 4),
(4057, 141, 16, 4),
(4058, 141, 17, 4),
(4059, 141, 18, 4),
(4060, 141, 19, 4),
(4061, 141, 20, 4),
(4062, 141, 21, 4),
(4063, 141, 22, 4),
(4064, 141, 23, 4),
(4065, 141, 24, 4),
(4066, 141, 25, 4),
(4067, 141, 26, 4),
(4068, 141, 27, 4),
(4069, 141, 1, 4),
(4070, 141, 2, 4),
(4071, 141, 3, 4),
(4072, 141, 4, 4),
(4073, 141, 5, 4),
(4074, 141, 6, 4),
(4075, 141, 7, 4),
(4076, 141, 8, 4),
(4077, 141, 9, 4),
(4078, 141, 10, 4),
(4079, 141, 11, 4),
(4080, 141, 12, 3),
(4081, 141, 13, 4),
(4082, 141, 14, 4),
(4083, 141, 15, 4),
(4084, 141, 16, 4),
(4085, 141, 17, 4),
(4086, 141, 18, 4),
(4087, 141, 19, 4),
(4088, 141, 20, 4),
(4089, 141, 21, 4),
(4090, 141, 22, 4),
(4091, 141, 23, 4),
(4092, 141, 24, 4),
(4093, 141, 25, 4),
(4094, 141, 26, 4),
(4095, 141, 27, 4),
(4096, 142, 1, 4),
(4097, 142, 2, 4),
(4098, 142, 3, 4),
(4099, 142, 4, 4),
(4100, 142, 5, 4),
(4101, 142, 6, 4),
(4102, 142, 7, 4),
(4103, 142, 8, 4),
(4104, 142, 9, 4),
(4105, 142, 10, 4),
(4106, 142, 11, 4),
(4107, 142, 12, 3),
(4108, 142, 13, 4),
(4109, 142, 14, 4),
(4110, 142, 15, 4),
(4111, 142, 16, 4),
(4112, 142, 17, 4),
(4113, 142, 18, 4),
(4114, 142, 19, 4),
(4115, 142, 20, 4),
(4116, 142, 21, 4),
(4117, 142, 22, 4),
(4118, 142, 23, 4),
(4119, 142, 24, 4),
(4120, 142, 25, 4),
(4121, 142, 26, 4),
(4122, 142, 27, 4),
(4123, 143, 1, 4),
(4124, 143, 2, 4),
(4125, 143, 3, 4),
(4126, 143, 4, 4),
(4127, 143, 5, 4),
(4128, 143, 6, 4),
(4129, 143, 7, 4),
(4130, 143, 8, 4),
(4131, 143, 9, 4),
(4132, 143, 10, 4),
(4133, 143, 11, 4),
(4134, 143, 12, 3),
(4135, 143, 13, 4),
(4136, 143, 14, 4),
(4137, 143, 15, 4),
(4138, 143, 16, 4),
(4139, 143, 17, 4),
(4140, 143, 18, 4),
(4141, 143, 19, 4),
(4142, 143, 20, 4),
(4143, 143, 21, 4),
(4144, 143, 22, 4),
(4145, 143, 23, 4),
(4146, 143, 24, 4),
(4147, 143, 25, 4),
(4148, 143, 26, 4),
(4149, 143, 27, 4),
(4150, 143, 1, 4),
(4151, 143, 2, 4),
(4152, 143, 3, 4),
(4153, 143, 4, 4),
(4154, 143, 5, 4),
(4155, 143, 6, 4),
(4156, 143, 7, 4),
(4157, 143, 8, 4),
(4158, 143, 9, 4),
(4159, 143, 10, 4),
(4160, 143, 11, 4),
(4161, 143, 12, 3),
(4162, 143, 13, 4),
(4163, 143, 14, 4),
(4164, 143, 15, 4),
(4165, 143, 16, 4),
(4166, 143, 17, 4),
(4167, 143, 18, 4),
(4168, 143, 19, 4),
(4169, 143, 20, 4),
(4170, 143, 21, 4),
(4171, 143, 22, 4),
(4172, 143, 23, 4),
(4173, 143, 24, 4),
(4174, 143, 25, 4),
(4175, 143, 26, 4),
(4176, 143, 27, 4),
(4177, 144, 1, 4),
(4178, 144, 2, 4),
(4179, 144, 3, 4),
(4180, 144, 4, 4),
(4181, 144, 5, 4),
(4182, 144, 6, 4),
(4183, 144, 7, 4),
(4184, 144, 8, 3),
(4185, 144, 9, 4),
(4186, 144, 10, 1),
(4187, 144, 11, 2),
(4188, 144, 12, 3),
(4189, 144, 13, 4),
(4190, 144, 14, 2),
(4191, 144, 15, 2),
(4192, 144, 16, 2),
(4193, 144, 17, 2),
(4194, 144, 18, 3),
(4195, 144, 19, 3),
(4196, 144, 20, 3),
(4197, 144, 21, 4),
(4198, 144, 22, 3),
(4199, 144, 23, 2),
(4200, 144, 24, 3),
(4201, 144, 25, 3),
(4202, 144, 26, 3),
(4203, 144, 27, 1),
(4204, 134, 1, 4),
(4205, 134, 2, 4),
(4206, 134, 3, 4),
(4207, 134, 4, 4),
(4208, 134, 5, 4),
(4209, 134, 6, 4),
(4210, 134, 7, 4),
(4211, 134, 8, 3),
(4212, 134, 9, 4),
(4213, 134, 10, 1),
(4214, 134, 11, 2),
(4215, 134, 12, 3),
(4216, 134, 13, 4),
(4217, 134, 14, 2),
(4218, 134, 15, 2),
(4219, 134, 16, 2),
(4220, 134, 17, 2),
(4221, 134, 18, 3),
(4222, 134, 19, 3),
(4223, 134, 20, 3),
(4224, 134, 21, 4),
(4225, 134, 22, 3),
(4226, 134, 23, 2),
(4227, 134, 24, 3),
(4228, 134, 25, 3),
(4229, 134, 26, 3),
(4230, 134, 27, 4),
(4231, 146, 1, 4),
(4232, 146, 2, 4),
(4233, 146, 3, 3),
(4234, 146, 4, 2),
(4235, 146, 5, 3),
(4236, 146, 6, 3),
(4237, 146, 7, 3),
(4238, 146, 8, 2),
(4239, 146, 9, 3),
(4240, 146, 10, 2),
(4241, 146, 11, 2),
(4242, 146, 12, 2),
(4243, 146, 13, 3),
(4244, 146, 14, 4),
(4245, 146, 15, 2),
(4246, 146, 16, 3),
(4247, 146, 17, 1),
(4248, 146, 18, 2),
(4249, 146, 19, 3),
(4250, 146, 20, 4),
(4251, 146, 21, 2),
(4252, 146, 22, 3),
(4253, 146, 23, 4),
(4254, 146, 24, 3),
(4255, 146, 25, 4),
(4256, 146, 26, 4),
(4257, 146, 27, 3),
(4258, 147, 1, 4),
(4259, 147, 2, 4),
(4260, 147, 3, 3),
(4261, 147, 4, 3),
(4262, 147, 5, 4),
(4263, 147, 6, 2),
(4264, 147, 7, 4),
(4265, 147, 8, 3),
(4266, 147, 9, 4),
(4267, 147, 10, 2),
(4268, 147, 11, 3),
(4269, 147, 12, 4),
(4270, 147, 13, 2),
(4271, 147, 14, 3),
(4272, 147, 15, 2),
(4273, 147, 16, 2),
(4274, 147, 17, 3),
(4275, 147, 18, 3),
(4276, 147, 19, 2),
(4277, 147, 20, 1),
(4278, 147, 21, 3),
(4279, 147, 22, 2),
(4280, 147, 23, 3),
(4281, 147, 24, 3),
(4282, 147, 25, 4),
(4283, 147, 26, 3),
(4284, 147, 27, 2),
(4285, 145, 1, 4),
(4286, 145, 2, 3),
(4287, 145, 3, 3),
(4288, 145, 4, 4),
(4289, 145, 5, 4),
(4290, 145, 6, 4),
(4291, 145, 7, 4),
(4292, 145, 8, 3),
(4293, 145, 9, 3),
(4294, 145, 10, 4),
(4295, 145, 11, 3),
(4296, 145, 12, 3),
(4297, 145, 13, 4),
(4298, 145, 14, 3),
(4299, 145, 15, 2),
(4300, 145, 16, 3),
(4301, 145, 17, 2),
(4302, 145, 18, 3),
(4303, 145, 19, 4),
(4304, 145, 20, 4),
(4305, 145, 21, 3),
(4306, 145, 22, 3),
(4307, 145, 23, 2),
(4308, 145, 24, 1),
(4309, 145, 25, 3),
(4310, 145, 26, 3),
(4311, 145, 27, 3),
(4312, 149, 1, 4),
(4313, 149, 2, 3),
(4314, 149, 3, 3),
(4315, 149, 4, 2),
(4316, 149, 5, 1),
(4317, 149, 6, 4),
(4318, 149, 7, 3),
(4319, 149, 8, 2),
(4320, 149, 9, 3),
(4321, 149, 10, 1),
(4322, 149, 11, 4),
(4323, 149, 12, 3),
(4324, 149, 13, 3),
(4325, 149, 14, 2),
(4326, 149, 15, 3),
(4327, 149, 16, 3),
(4328, 149, 17, 4),
(4329, 149, 18, 4),
(4330, 149, 19, 3),
(4331, 149, 20, 4),
(4332, 149, 21, 1),
(4333, 149, 22, 3),
(4334, 149, 23, 4),
(4335, 149, 24, 3),
(4336, 149, 25, 4),
(4337, 149, 26, 3),
(4338, 149, 27, 2);

-- --------------------------------------------------------

--
-- Struktur dari tabel `gaya_belajar`
--

CREATE TABLE `gaya_belajar` (
  `id_gayabelajar` int(11) NOT NULL,
  `gaya_belajar` varchar(255) NOT NULL,
  `saran_belajar` text NOT NULL
) ENGINE=InnoDB DEFAULT CHARSET=latin1;

--
-- Dumping data untuk tabel `gaya_belajar`
--

INSERT INTO `gaya_belajar` (`id_gayabelajar`, `gaya_belajar`, `saran_belajar`) VALUES
(1, 'Visual', 'Gunakan ilustrasi, grafik, diagram, dan slide untuk memperkuat pembelajaran. Untuk anak-anak, membuat grafik stiker warna-warni dalam buku tugas akan sangat efektif. Berikan spidol berwarna dan stabilo. Jika dia menulis huruf berwarna, dia lebih mungkin dapat memvisualisasikan kata-kata yang akan membantunya untuk mengingat.'),
(2, 'Auditory', 'Apabila membaca buku, bisa sambil diucapkan dengan suara pelan untuk lebih mudah mengingat, Belajar dengan diskusi bersama teman supaya lebih mudah memahami maupun mengingat materi. Pada saat dirumah orang tua dapat membantu dengan membacakan materi pelajaran.'),
(3, 'Kinestetik', 'Belajar sambil melakukan aktivitas yang melibatkan gerakan, misalnya sambil berjalan atau sesederhana menjetikkan jari, saat mendapatkan materi belajar, bila memungkinkan segera coba praktikkan. Belajar dengan mencoba soal - soal yang langsung berhubungan dengan materi');

-- --------------------------------------------------------

--
-- Struktur dari tabel `hasil`
--

CREATE TABLE `hasil` (
  `id_hasil` int(255) NOT NULL,
  `id_user` int(11) NOT NULL,
  `tanggal_tes` datetime NOT NULL,
  `id_gayabelajar` int(11) NOT NULL
) ENGINE=InnoDB DEFAULT CHARSET=latin1;

--
-- Dumping data untuk tabel `hasil`
--

INSERT INTO `hasil` (`id_hasil`, `id_user`, `tanggal_tes`, `id_gayabelajar`) VALUES
(28, 123, '2019-04-11 23:44:12', 1),
(29, 123, '2019-04-11 23:47:19', 1),
(30, 123, '2019-04-11 23:47:44', 1),
(31, 123, '2019-04-11 23:47:53', 1),
(32, 123, '2019-04-11 23:48:06', 1),
(33, 123, '2019-04-11 23:49:42', 1),
(34, 123, '2019-04-11 23:50:30', 1),
(35, 123, '2019-04-11 23:50:56', 1),
(36, 123, '2019-04-12 00:14:49', 1),
(37, 123, '2019-04-12 00:15:27', 1),
(38, 123, '2019-04-12 00:15:38', 1),
(39, 123, '2019-04-12 00:17:32', 1),
(40, 123, '2019-04-12 00:37:22', 1),
(41, 123, '2019-04-12 00:38:24', 1),
(42, 123, '2019-04-12 00:40:07', 1),
(43, 123, '2019-04-12 00:40:11', 1),
(44, 123, '2019-04-12 00:41:11', 1),
(45, 123, '2019-04-12 00:41:18', 1),
(46, 123, '2019-04-12 00:43:14', 1),
(47, 123, '2019-04-12 00:43:14', 1),
(48, 123, '2019-04-12 00:43:18', 1),
(49, 123, '2019-04-12 00:46:34', 1),
(50, 124, '2019-04-12 00:46:43', 1),
(51, 124, '2019-04-13 23:44:43', 1),
(52, 124, '2019-04-13 23:51:48', 1),
(53, 124, '2019-04-13 23:52:59', 1),
(54, 124, '2019-04-13 23:53:23', 1),
(55, 123, '2019-04-21 20:27:26', 1),
(56, 123, '2019-04-21 20:29:06', 1),
(57, 123, '2019-04-21 20:30:33', 1),
(58, 123, '2019-04-21 20:32:57', 1),
(59, 123, '2019-04-21 20:45:22', 1),
(60, 123, '2019-04-21 21:19:48', 1),
(61, 123, '2019-04-21 21:20:04', 1),
(62, 123, '2019-04-21 21:51:08', 1),
(63, 123, '2019-04-21 21:51:12', 1),
(64, 123, '2019-04-21 21:53:02', 1),
(65, 123, '2019-04-21 21:53:08', 1),
(66, 123, '2019-04-21 22:21:52', 1),
(67, 123, '2019-04-21 22:21:56', 1),
(68, 123, '2019-04-21 22:27:27', 1),
(69, 123, '2019-04-21 22:27:45', 1),
(70, 123, '2019-04-21 22:34:06', 1),
(71, 123, '2019-04-21 22:41:00', 1),
(72, 123, '2019-04-21 22:41:03', 1),
(73, 123, '2019-04-21 22:50:22', 2),
(74, 123, '2019-04-21 23:08:54', 1),
(75, 123, '2019-04-21 23:09:32', 1),
(76, 123, '2019-04-21 23:09:44', 3),
(77, 123, '2019-04-25 20:19:44', 2),
(78, 123, '2019-04-25 20:32:03', 2),
(79, 124, '2019-04-25 22:06:00', 3),
(80, 124, '2019-04-25 22:26:51', 1),
(81, 124, '2019-04-26 17:16:11', 1),
(82, 124, '2019-05-03 01:37:15', 1),
(83, 124, '2019-05-03 01:38:04', 1),
(84, 124, '2019-05-03 01:39:05', 1),
(85, 124, '2019-05-03 01:40:10', 1),
(86, 124, '2019-05-03 01:41:25', 1),
(87, 124, '2019-05-03 01:42:41', 1),
(88, 124, '2019-05-03 01:43:34', 1),
(89, 124, '2019-05-03 01:44:37', 1),
(90, 124, '2019-05-03 01:44:38', 1),
(91, 124, '2019-05-03 01:46:24', 1),
(92, 124, '2019-05-03 01:48:22', 1),
(93, 124, '2019-05-03 01:48:35', 1),
(94, 124, '2019-05-03 01:49:06', 1),
(95, 124, '2019-05-03 01:49:15', 1),
(96, 124, '2019-05-03 01:50:33', 1),
(97, 124, '2019-05-03 01:51:37', 1),
(98, 124, '2019-05-03 01:51:40', 1),
(99, 124, '2019-05-03 01:51:41', 1),
(100, 124, '2019-05-03 01:51:59', 1),
(101, 124, '2019-05-03 01:52:18', 1),
(102, 124, '2019-05-03 01:52:50', 1),
(103, 124, '2019-05-03 01:52:52', 1),
(104, 124, '2019-05-03 01:54:03', 1),
(105, 124, '2019-05-03 01:54:32', 1),
(106, 124, '2019-05-03 01:54:34', 1),
(107, 124, '2019-05-03 01:54:43', 1),
(108, 124, '2019-05-03 01:55:31', 1),
(109, 124, '2019-05-03 01:55:34', 1),
(110, 124, '2019-05-03 01:56:09', 1),
(111, 124, '2019-05-03 01:56:10', 1),
(112, 124, '2019-05-03 01:57:13', 1),
(113, 124, '2019-05-03 01:57:28', 1),
(114, 124, '2019-05-03 01:58:24', 1),
(115, 124, '2019-05-03 01:58:25', 1),
(116, 124, '2019-05-03 01:58:27', 1),
(117, 124, '2019-05-03 02:05:01', 3),
(118, 124, '2019-05-08 13:13:15', 1),
(119, 124, '2019-05-08 13:14:13', 1),
(120, 124, '2019-05-08 13:14:58', 1),
(121, 124, '2019-05-08 13:15:23', 1),
(122, 124, '2019-05-10 00:04:16', 1),
(123, 124, '2019-05-10 16:53:00', 1),
(124, 124, '2019-05-10 18:14:40', 1),
(125, 124, '2019-05-10 18:15:13', 2),
(126, 124, '2019-05-10 18:34:55', 3),
(127, 124, '2019-05-10 19:30:16', 3),
(128, 124, '2019-05-11 14:48:35', 1),
(129, 124, '2019-05-11 14:50:29', 1),
(130, 130, '2019-05-11 22:05:58', 2),
(131, 129, '2019-05-11 22:06:00', 3),
(134, 130, '2019-05-12 18:47:19', 3),
(135, 131, '0000-00-00 00:00:00', 1),
(136, 132, '0000-00-00 00:00:00', 1),
(137, 129, '2019-05-17 04:13:36', 1),
(138, 129, '2019-05-17 15:36:00', 1),
(139, 129, '2019-05-17 15:42:30', 3),
(140, 129, '2019-05-17 15:57:28', 1),
(141, 129, '2019-05-17 16:01:14', 1),
(142, 129, '2019-05-17 16:04:10', 1),
(143, 129, '2019-05-17 16:04:22', 1),
(144, 129, '2019-05-17 16:05:19', 3),
(145, 129, '2019-05-17 16:10:42', 1),
(146, 130, '2019-05-17 16:15:17', 2),
(147, 130, '2019-05-17 16:17:19', 2),
(148, 130, '2019-05-17 16:20:19', 1),
(149, 129, '2019-06-06 00:17:58', 3),
(150, 129, '2019-06-07 11:32:50', 1);

-- --------------------------------------------------------

--
-- Struktur dari tabel `pernyataan`
--

CREATE TABLE `pernyataan` (
  `id_pernyataan` int(12) NOT NULL,
  `kode_pernyataan` varchar(20) NOT NULL,
  `pernyataan` text NOT NULL
) ENGINE=InnoDB DEFAULT CHARSET=latin1;

--
-- Dumping data untuk tabel `pernyataan`
--

INSERT INTO `pernyataan` (`id_pernyataan`, `kode_pernyataan`, `pernyataan`) VALUES
(1, 'F1', 'Saya mencatat rumus matematika dengan memberikan tanda stabilo berwarna supaya mudah dibaca.'),
(2, 'F2', 'Saya kesulitan membaca materi ketika suasana di kelas ramai.'),
(3, 'F3', 'Saat guru meminta untuk menyampaikan pendapat, saya menyampaikannya dengan suara yang pelan'),
(4, 'F4', 'Saya selalu menyimpan kembali buku dan alat tulis pada tempatnya setelah selesai belajar. '),
(5, 'F5', 'Saya berlatih pelajaran matematika dengan cara mengerjakan soal  soal latihan. '),
(6, 'F6', 'Suara - suara gaduh sangat mengganggu konsentrasi saya ketika mendengarkan penjelasan guru.'),
(7, 'F7', 'Menjelang PAS, saya biasanya belajar dengan cara menuliskan kembali materi yang baru dipelajari.'),
(8, 'F8', 'Sebelum menghadapi ulangan Pengetahuan Sosial, saya membaca materi yang sangat banyak .'),
(9, 'F9', 'Saya lebih mudah memahami materi dari guru yang menjelaskan daripada saya membaca sendiri'),
(10, 'F10', 'Saya sering lupa jika hanya mendengarkan perintah tugas dari guru tanpa mencatatnya'),
(11, 'F11', 'Saya mengingat dengan baik pembicaraan teman dalam sebuah diskusi'),
(12, 'F12', 'Saya menggunakan jari telunjuk untuk menemukan kata-kata dalam bacaan'),
(13, 'F13', 'Saya senang berdiskusi dengan teman sebangku dalam mengerjakan tugas kelompok'),
(14, 'F14', 'Saya lebih suka membaca cerita daripada mendengarkan cerita'),
(15, 'F15', 'Saya menggunakan jari telunjuk sebagai penunjuk ketika membaca'),
(16, 'F16', 'Untuk menghafalkan materi tentang Pengetahuan Alam, saya lebih mudah dengan membacanya sendiri'),
(17, 'F17', 'Saya lebih senang bercerita daripada harus menulis cerita'),
(18, 'F18', 'Saya menyentuh pundak teman ketika hendak mengajaknya berbicara.'),
(19, 'F19', 'Menjelang PAS, orang tua membantu saya belajar dengan membacakan materi, agar mudah diingat'),
(20, 'F20', 'Sebelum PAS pengetahuan alam, saya membaca sekilas materi secara keseluruhan'),
(21, 'F21', 'Saya merasa bosan jika hanya duduk diam terlalu lama di dalam kelas'),
(22, 'F22', 'Saya selalu mencatat apa saja yang selalu diucapkan oleh guru'),
(23, 'F23', 'Saya harus membaca berulang kali dengan keras untuk menghafalkan materi yang sedang dipelajari'),
(24, 'F24', 'Saya memainkan alat tulis ketika mendengarkan penjelasan dari guru'),
(25, 'F25', 'Saya kesulitan memahami materi jika hanya membaca tanpa mengucapkannya'),
(26, 'F26', 'Saya kesulitan untuk memahami materi pelajaran jika hanya mendengarkan penjelasan dari guru.'),
(27, 'F27', 'Saya lebih suka bermain daripada menonton televisi');

-- --------------------------------------------------------

--
-- Struktur dari tabel `user`
--

CREATE TABLE `user` (
  `id_user` int(12) NOT NULL,
  `no_induk` int(12) NOT NULL,
  `nama` varchar(255) NOT NULL,
  `password` varchar(255) NOT NULL,
  `level` varchar(12) NOT NULL
) ENGINE=InnoDB DEFAULT CHARSET=latin1;

--
-- Dumping data untuk tabel `user`
--

INSERT INTO `user` (`id_user`, `no_induk`, `nama`, `password`, `level`) VALUES
(2, 109345, 'Fahkry Raditya Kamal', '79a91412ad3792662aaa310214572592', 'siswa'),
(123, 3214, 'Akbar Barokah', '72c936fc65ed18442a81ea8ca4b5ab20', 'admin'),
(124, 5432, 'Arief Rachman Alfiansyah', '79a91412ad3792662aaa310214572592', 'siswa'),
(129, 9090, 'Ardi Prasetyo', 'dd97813dd40be87559aaefed642c3fbb', 'siswa'),
(130, 9091, 'Riyan Wahyu Akhmada', 'ba4e586503b7cb15e2b54b9729c066ed', 'siswa'),
(131, 4444, 'Julia Sasongko', 'dbc4d84bfcfe2284ba11beffb853a8c4', 'siswa'),
(132, 2222, 'qiu', '934b535800b1cba8f96a5d72f72f1611', 'siswa'),
(133, 6969, 'Igor Babang Tampan', 'dd97813dd40be87559aaefed642c3fbb', 'siswa');

--
-- Indexes for dumped tables
--

--
-- Indexes for table `dataset`
--
ALTER TABLE `dataset`
  ADD PRIMARY KEY (`id_dataset`),
  ADD KEY `id_gayabelajar` (`id_gayabelajar`);

--
-- Indexes for table `detail_dataset`
--
ALTER TABLE `detail_dataset`
  ADD PRIMARY KEY (`id_detail_dataset`),
  ADD KEY `id_pernyataan` (`id_pernyataan`),
  ADD KEY `id_dataset` (`id_dataset`);

--
-- Indexes for table `detail_hasil`
--
ALTER TABLE `detail_hasil`
  ADD PRIMARY KEY (`id_detail_hasil`),
  ADD KEY `id_pernyataan` (`id_pernyataan`),
  ADD KEY `id_hasil` (`id_hasil`);

--
-- Indexes for table `gaya_belajar`
--
ALTER TABLE `gaya_belajar`
  ADD PRIMARY KEY (`id_gayabelajar`);

--
-- Indexes for table `hasil`
--
ALTER TABLE `hasil`
  ADD PRIMARY KEY (`id_hasil`),
  ADD KEY `id_user` (`id_user`),
  ADD KEY `id_gayabelajar` (`id_gayabelajar`);

--
-- Indexes for table `pernyataan`
--
ALTER TABLE `pernyataan`
  ADD PRIMARY KEY (`id_pernyataan`);

--
-- Indexes for table `user`
--
ALTER TABLE `user`
  ADD PRIMARY KEY (`id_user`),
  ADD UNIQUE KEY `no_induk` (`no_induk`);

--
-- AUTO_INCREMENT for dumped tables
--

--
-- AUTO_INCREMENT for table `dataset`
--
ALTER TABLE `dataset`
  MODIFY `id_dataset` int(11) NOT NULL AUTO_INCREMENT, AUTO_INCREMENT=95;
--
-- AUTO_INCREMENT for table `detail_dataset`
--
ALTER TABLE `detail_dataset`
  MODIFY `id_detail_dataset` int(11) NOT NULL AUTO_INCREMENT, AUTO_INCREMENT=2595;
--
-- AUTO_INCREMENT for table `detail_hasil`
--
ALTER TABLE `detail_hasil`
  MODIFY `id_detail_hasil` int(11) NOT NULL AUTO_INCREMENT, AUTO_INCREMENT=4339;
--
-- AUTO_INCREMENT for table `gaya_belajar`
--
ALTER TABLE `gaya_belajar`
  MODIFY `id_gayabelajar` int(11) NOT NULL AUTO_INCREMENT, AUTO_INCREMENT=4;
--
-- AUTO_INCREMENT for table `hasil`
--
ALTER TABLE `hasil`
  MODIFY `id_hasil` int(255) NOT NULL AUTO_INCREMENT, AUTO_INCREMENT=151;
--
-- AUTO_INCREMENT for table `pernyataan`
--
ALTER TABLE `pernyataan`
  MODIFY `id_pernyataan` int(12) NOT NULL AUTO_INCREMENT, AUTO_INCREMENT=28;
--
-- AUTO_INCREMENT for table `user`
--
ALTER TABLE `user`
  MODIFY `id_user` int(12) NOT NULL AUTO_INCREMENT, AUTO_INCREMENT=134;
--
-- Ketidakleluasaan untuk tabel pelimpahan (Dumped Tables)
--

--
-- Ketidakleluasaan untuk tabel `dataset`
--
ALTER TABLE `dataset`
  ADD CONSTRAINT `dataset_ibfk_1` FOREIGN KEY (`id_gayabelajar`) REFERENCES `gaya_belajar` (`id_gayabelajar`) ON DELETE CASCADE ON UPDATE CASCADE;

--
-- Ketidakleluasaan untuk tabel `detail_dataset`
--
ALTER TABLE `detail_dataset`
  ADD CONSTRAINT `detail_dataset_ibfk_1` FOREIGN KEY (`id_pernyataan`) REFERENCES `pernyataan` (`id_pernyataan`) ON DELETE CASCADE ON UPDATE CASCADE,
  ADD CONSTRAINT `detail_dataset_ibfk_2` FOREIGN KEY (`id_dataset`) REFERENCES `dataset` (`id_dataset`) ON DELETE CASCADE ON UPDATE CASCADE;

--
-- Ketidakleluasaan untuk tabel `detail_hasil`
--
ALTER TABLE `detail_hasil`
  ADD CONSTRAINT `detail_hasil_ibfk_1` FOREIGN KEY (`id_hasil`) REFERENCES `hasil` (`id_hasil`) ON DELETE CASCADE ON UPDATE CASCADE,
  ADD CONSTRAINT `detail_hasil_ibfk_2` FOREIGN KEY (`id_pernyataan`) REFERENCES `pernyataan` (`id_pernyataan`) ON DELETE CASCADE ON UPDATE CASCADE;

--
-- Ketidakleluasaan untuk tabel `hasil`
--
ALTER TABLE `hasil`
  ADD CONSTRAINT `hasil_ibfk_1` FOREIGN KEY (`id_user`) REFERENCES `user` (`id_user`) ON DELETE CASCADE ON UPDATE CASCADE,
  ADD CONSTRAINT `hasil_ibfk_2` FOREIGN KEY (`id_gayabelajar`) REFERENCES `gaya_belajar` (`id_gayabelajar`) ON DELETE CASCADE ON UPDATE CASCADE;

/*!40101 SET CHARACTER_SET_CLIENT=@OLD_CHARACTER_SET_CLIENT */;
/*!40101 SET CHARACTER_SET_RESULTS=@OLD_CHARACTER_SET_RESULTS */;
/*!40101 SET COLLATION_CONNECTION=@OLD_COLLATION_CONNECTION */;
